-- MySQL dump 10.13  Distrib 5.5.62, for Win64 (AMD64)
--
-- Host: 127.0.0.1    Database: vk
-- ------------------------------------------------------
-- Server version	8.0.22-0ubuntu0.20.04.2

/*!40101 SET @OLD_CHARACTER_SET_CLIENT=@@CHARACTER_SET_CLIENT */;
/*!40101 SET @OLD_CHARACTER_SET_RESULTS=@@CHARACTER_SET_RESULTS */;
/*!40101 SET @OLD_COLLATION_CONNECTION=@@COLLATION_CONNECTION */;
/*!40101 SET NAMES utf8 */;
/*!40103 SET @OLD_TIME_ZONE=@@TIME_ZONE */;
/*!40103 SET TIME_ZONE='+00:00' */;
/*!40014 SET @OLD_UNIQUE_CHECKS=@@UNIQUE_CHECKS, UNIQUE_CHECKS=0 */;
/*!40014 SET @OLD_FOREIGN_KEY_CHECKS=@@FOREIGN_KEY_CHECKS, FOREIGN_KEY_CHECKS=0 */;
/*!40101 SET @OLD_SQL_MODE=@@SQL_MODE, SQL_MODE='NO_AUTO_VALUE_ON_ZERO' */;
/*!40111 SET @OLD_SQL_NOTES=@@SQL_NOTES, SQL_NOTES=0 */;

--
-- Table structure for table `cities`
--

DROP TABLE IF EXISTS `cities`;
/*!40101 SET @saved_cs_client     = @@character_set_client */;
/*!40101 SET character_set_client = utf8 */;
CREATE TABLE `cities` (
  `id` bigint unsigned NOT NULL AUTO_INCREMENT,
  `country_id` int unsigned NOT NULL,
  `name` varchar(64) CHARACTER SET utf8 COLLATE utf8_unicode_ci DEFAULT NULL,
  `created_at` datetime DEFAULT CURRENT_TIMESTAMP,
  `updated_at` datetime DEFAULT CURRENT_TIMESTAMP ON UPDATE CURRENT_TIMESTAMP,
  PRIMARY KEY (`id`)
) ENGINE=InnoDB AUTO_INCREMENT=201 DEFAULT CHARSET=utf8 COLLATE=utf8_unicode_ci;
/*!40101 SET character_set_client = @saved_cs_client */;

--
-- Dumping data for table `cities`
--

LOCK TABLES `cities` WRITE;
/*!40000 ALTER TABLE `cities` DISABLE KEYS */;
INSERT INTO `cities` VALUES (1,27,'Paucekstad','2011-08-23 09:37:13','2019-05-09 19:24:42'),(2,31,'South Lauretta','2017-07-27 13:23:05','2020-05-21 05:19:27'),(3,32,'Lake Lucas','2013-09-02 22:10:25','2018-12-04 12:34:04'),(4,37,'Vivienhaven','2018-01-20 15:37:05','2017-12-09 13:16:01'),(5,25,'West Leraview','2013-12-27 20:33:53','2015-04-01 05:39:31'),(6,15,'West Ursulafurt','2011-06-05 14:44:30','2011-08-31 03:31:49'),(7,40,'Lake Austinport','2019-11-17 18:24:10','2020-06-23 00:21:56'),(8,24,'Lake Alek','2012-07-25 20:30:22','2017-10-20 00:21:29'),(9,14,'South Randymouth','2017-10-22 06:34:28','2013-08-04 08:01:30'),(10,7,'New Lenoraview','2020-04-15 22:24:54','2012-09-05 22:31:12'),(11,19,'Danielshire','2013-08-20 11:16:02','2013-12-16 18:51:32'),(12,24,'East Pamelaside','2013-03-23 16:20:46','2015-07-07 18:08:44'),(13,1,'Port Jolie','2013-11-12 16:09:37','2019-04-30 19:04:41'),(14,42,'Chaddside','2013-03-15 05:24:04','2018-06-09 21:42:26'),(15,22,'Franeckiborough','2019-07-12 13:40:16','2017-08-04 02:51:34'),(16,26,'New Lillianafort','2013-10-02 22:45:13','2012-08-08 20:43:31'),(17,4,'Shieldstown','2019-10-02 12:50:20','2019-12-12 00:59:41'),(18,16,'West Delphaton','2020-11-06 04:18:38','2017-09-19 05:58:30'),(19,3,'Port Gunnar','2014-10-06 11:33:12','2018-03-09 10:12:11'),(20,50,'Ortizfurt','2020-09-06 20:38:28','2014-03-08 12:07:59'),(21,49,'Lake Jaylonfort','2017-04-17 23:43:45','2013-12-01 18:22:19'),(22,12,'West Roelport','2018-04-29 22:27:49','2020-04-11 16:37:49'),(23,41,'Lake Abraham','2011-07-30 10:14:55','2019-09-22 20:12:13'),(24,9,'South Annabellborough','2016-01-24 04:49:48','2018-05-19 18:32:37'),(25,13,'Watsicaview','2012-03-03 13:47:45','2012-01-29 15:10:41'),(26,5,'New Minerva','2013-12-26 23:09:03','2014-01-24 16:01:21'),(27,23,'North Jettie','2017-03-09 01:26:17','2018-09-10 23:05:04'),(28,34,'Corwinmouth','2015-08-14 07:53:40','2014-07-05 15:44:57'),(29,17,'Sauerchester','2019-12-16 17:02:28','2020-04-23 19:26:34'),(30,35,'North Josefina','2013-11-26 00:48:07','2013-01-28 10:25:11'),(31,22,'New Alivia','2018-12-12 15:01:31','2020-09-13 05:16:02'),(32,44,'Alexysview','2019-06-02 06:27:59','2017-04-14 20:00:14'),(33,15,'North Milton','2017-05-16 13:40:04','2019-01-09 01:51:13'),(34,3,'Erintown','2016-10-01 16:50:26','2017-09-09 15:58:25'),(35,30,'North Eldorafort','2014-03-17 01:26:09','2015-02-23 11:07:08'),(36,40,'Langoshfurt','2020-07-08 17:03:35','2012-02-25 00:46:07'),(37,17,'East Marian','2011-08-10 18:05:34','2012-02-23 21:14:05'),(38,19,'Port Kenyattabury','2015-11-22 21:07:26','2012-04-09 01:20:19'),(39,14,'Tanyahaven','2019-06-01 05:07:10','2020-08-03 23:31:46'),(40,31,'North Shaniyaborough','2016-08-28 11:58:06','2011-06-17 15:20:23'),(41,26,'Rohanville','2014-03-04 21:26:15','2015-03-20 14:25:40'),(42,33,'O\'Connellshire','2017-01-12 22:46:26','2016-10-15 11:16:23'),(43,4,'Lake Monty','2013-12-06 10:29:47','2014-10-11 08:59:02'),(44,26,'South Elwyn','2019-09-28 11:40:40','2011-03-12 22:11:25'),(45,25,'Howetown','2016-04-08 10:11:30','2012-10-12 23:24:03'),(46,26,'Lake Dan','2019-03-16 19:17:23','2012-10-13 23:50:05'),(47,2,'New Sydneyhaven','2017-11-25 08:34:19','2012-03-29 09:20:33'),(48,28,'Berniemouth','2019-10-26 15:48:48','2013-11-19 01:29:41'),(49,41,'East Lutherbury','2010-12-10 22:58:33','2017-01-20 22:15:36'),(50,4,'South Carrollstad','2015-01-29 11:06:54','2020-09-12 04:16:25'),(51,28,'South Landenside','2019-07-26 21:17:52','2020-11-18 04:08:36'),(52,40,'Christiansenbury','2011-12-28 11:51:16','2017-10-05 21:16:33'),(53,16,'West Berenice','2020-08-07 10:42:47','2015-12-21 23:58:13'),(54,18,'West Queeniefort','2017-08-10 14:31:54','2015-10-24 11:35:19'),(55,48,'New Jody','2014-05-12 07:46:44','2018-02-15 10:31:05'),(56,28,'New Brett','2019-02-14 11:54:20','2019-01-10 08:55:19'),(57,23,'Nikolausmouth','2013-06-21 16:44:40','2018-09-09 23:20:37'),(58,21,'Port Jean','2012-01-16 20:06:56','2013-11-22 22:00:42'),(59,12,'Christianstad','2015-07-31 00:17:42','2016-05-14 04:06:09'),(60,40,'South Gladysstad','2014-02-10 23:58:54','2016-01-27 04:18:28'),(61,5,'Zboncakberg','2014-05-20 23:51:06','2018-03-12 07:55:48'),(62,33,'Hilarioberg','2018-01-26 03:53:38','2013-10-26 22:21:05'),(63,33,'Rebekafurt','2014-04-06 23:14:29','2020-05-20 22:35:01'),(64,20,'East Dasiatown','2014-07-30 07:59:04','2017-08-21 12:02:52'),(65,35,'Fritschshire','2017-11-20 17:59:45','2011-04-17 17:52:54'),(66,12,'Dannyton','2020-09-22 18:58:16','2013-01-25 07:58:04'),(67,10,'Lake Dion','2018-02-27 23:45:19','2012-11-03 20:27:48'),(68,2,'New Christyfurt','2014-01-27 08:35:58','2013-06-12 14:51:02'),(69,30,'West Eudora','2013-05-02 00:13:54','2020-09-21 07:39:16'),(70,23,'Gregburgh','2013-09-05 05:22:19','2017-12-27 14:58:08'),(71,32,'Cassieview','2018-04-19 14:40:45','2016-08-17 19:32:59'),(72,5,'South Damarisville','2011-12-16 01:29:51','2018-02-15 21:04:04'),(73,6,'Lake Mario','2014-08-30 22:34:11','2019-08-26 09:37:37'),(74,36,'Kuphalmouth','2012-08-12 16:07:55','2018-07-31 11:16:35'),(75,31,'North Alfonzo','2020-07-13 21:11:01','2017-12-23 02:36:56'),(76,30,'West Eleonoreview','2016-05-18 04:01:08','2018-05-22 04:00:18'),(77,11,'Twilahaven','2016-02-14 07:24:58','2013-03-14 23:41:01'),(78,32,'Allanport','2011-02-25 11:31:08','2020-11-04 17:18:15'),(79,7,'New Providencishire','2011-11-17 16:22:04','2020-06-21 00:58:21'),(80,2,'Glennaborough','2015-12-18 21:56:55','2012-04-17 10:33:36'),(81,36,'Lake Marquischester','2016-05-25 21:42:20','2015-05-18 15:05:58'),(82,35,'Schmittburgh','2019-12-04 20:29:31','2017-06-09 10:22:06'),(83,41,'Port Bert','2016-10-19 13:23:57','2015-08-16 00:26:09'),(84,1,'Reymundoland','2018-10-08 06:33:14','2017-03-23 19:15:11'),(85,3,'Walkerview','2018-05-20 17:25:19','2013-03-04 05:54:56'),(86,39,'North Kaleyburgh','2020-10-19 14:27:21','2011-05-03 08:43:57'),(87,29,'West Nolan','2012-05-14 17:58:19','2013-08-06 13:51:43'),(88,25,'Hintzchester','2012-01-01 18:58:09','2020-09-12 14:13:27'),(89,9,'South Ashton','2012-03-23 10:19:08','2018-06-28 17:19:21'),(90,40,'New Emmitt','2019-01-28 06:00:14','2013-01-18 01:09:24'),(91,14,'Port Sarai','2018-05-04 11:53:48','2011-11-24 00:53:49'),(92,14,'South Beulah','2011-11-06 23:41:04','2013-12-22 11:12:29'),(93,22,'South Josh','2016-03-04 20:23:55','2012-04-27 07:45:18'),(94,46,'West Letitiaside','2020-02-03 14:03:27','2015-01-26 05:04:13'),(95,33,'Brettshire','2013-11-10 05:46:21','2018-11-28 22:55:44'),(96,7,'Kirlinside','2013-09-01 11:15:17','2011-09-08 14:02:05'),(97,8,'North Maryjanefurt','2012-08-26 13:56:00','2017-06-12 22:20:40'),(98,43,'New Durward','2016-02-16 05:57:03','2018-04-24 16:46:04'),(99,9,'Feestside','2020-04-23 10:10:06','2016-05-26 21:17:06'),(100,37,'Hilllburgh','2017-12-05 09:37:13','2012-08-26 10:18:04'),(101,16,'Lehnerborough','2015-09-27 22:39:06','2012-03-25 02:17:16'),(102,41,'Cristmouth','2012-09-10 13:53:30','2015-07-22 16:16:42'),(103,42,'Makaylamouth','2015-11-08 16:53:38','2013-12-13 12:49:59'),(104,21,'Metzland','2019-02-13 05:26:45','2018-02-24 14:35:02'),(105,26,'Brendanberg','2012-10-24 06:26:16','2014-11-27 23:11:17'),(106,23,'Orlandmouth','2020-03-22 19:54:03','2016-08-19 22:55:21'),(107,50,'Joanieburgh','2015-03-04 14:22:29','2013-03-30 09:13:25'),(108,37,'Vestafort','2014-08-27 15:52:57','2016-12-22 05:56:04'),(109,4,'North Greta','2012-03-16 21:03:03','2015-06-20 23:37:38'),(110,7,'Audreannechester','2016-10-20 23:42:23','2013-08-25 05:01:56'),(111,39,'Issacberg','2019-07-07 15:11:15','2019-02-04 04:33:47'),(112,40,'Hyattshire','2015-10-28 10:08:03','2012-10-15 06:50:32'),(113,41,'Langoshport','2013-01-29 15:18:49','2020-04-28 13:59:50'),(114,30,'VonRuedenton','2012-01-19 03:18:33','2020-04-04 15:37:58'),(115,40,'Port Marvin','2014-11-12 14:42:31','2013-10-10 02:44:35'),(116,43,'East Carletonshire','2019-12-31 05:06:46','2019-12-25 02:16:59'),(117,18,'East Davonte','2011-03-25 00:21:46','2019-10-06 03:16:12'),(118,18,'New Jerrell','2017-11-27 08:17:21','2017-03-16 07:50:14'),(119,18,'Johnsonberg','2016-08-10 05:58:27','2019-01-02 08:21:53'),(120,27,'Ottisside','2018-04-21 10:57:10','2013-09-26 08:01:25'),(121,8,'Dorthashire','2011-09-20 17:59:58','2013-06-23 11:13:06'),(122,31,'Oceanemouth','2017-08-02 13:45:39','2016-06-28 10:08:54'),(123,41,'South Willis','2014-04-12 04:08:27','2016-09-07 01:52:44'),(124,30,'Port Sebastian','2011-01-22 06:48:17','2013-07-04 06:50:49'),(125,27,'Smithton','2015-02-17 05:28:07','2014-07-19 11:05:41'),(126,23,'Satterfieldfort','2016-08-07 03:50:02','2020-06-30 22:01:25'),(127,37,'West Geovannybury','2013-08-11 17:05:14','2013-03-04 01:41:15'),(128,35,'North Joycebury','2013-05-09 23:44:11','2014-05-21 08:33:01'),(129,16,'Lehnermouth','2015-03-05 03:57:19','2013-02-22 13:46:23'),(130,45,'South Elijahberg','2017-10-04 14:44:45','2015-09-29 16:19:45'),(131,21,'New Charity','2019-06-20 21:20:30','2017-08-03 04:52:29'),(132,31,'Padbergberg','2016-11-16 06:13:02','2011-12-08 19:36:11'),(133,36,'Smithview','2011-08-01 22:40:34','2014-05-25 05:29:19'),(134,13,'Port Einoburgh','2019-10-27 18:59:33','2013-11-30 11:57:57'),(135,1,'South Laronville','2012-09-11 13:54:18','2017-10-07 05:48:44'),(136,11,'Corenefurt','2015-02-02 12:58:34','2011-05-08 10:36:48'),(137,35,'East Nasirview','2014-04-05 09:31:14','2016-07-28 21:47:43'),(138,50,'Kochfort','2013-07-09 04:04:22','2019-12-03 08:53:57'),(139,48,'Murazikchester','2020-03-02 14:23:35','2019-01-23 15:09:10'),(140,39,'Americatown','2017-05-18 07:25:51','2016-06-02 05:54:23'),(141,6,'Port Tiffany','2013-03-21 11:04:24','2017-10-23 19:18:56'),(142,36,'East Elnora','2020-06-15 21:43:01','2018-01-30 00:45:59'),(143,28,'Braxtonport','2016-04-11 10:23:39','2018-07-30 04:01:53'),(144,47,'Medhurstport','2015-10-21 11:49:43','2017-10-01 08:31:26'),(145,16,'Kertzmannborough','2012-07-09 09:28:26','2019-10-08 21:33:21'),(146,18,'Padbergshire','2018-12-17 06:52:28','2016-03-19 07:03:54'),(147,39,'Lake Skylarmouth','2017-11-06 06:09:54','2019-09-20 18:29:49'),(148,33,'Juneton','2020-05-02 16:34:10','2014-08-31 17:34:42'),(149,36,'East Charlotte','2017-01-01 22:35:31','2011-10-20 10:04:12'),(150,6,'Zulaufmouth','2018-05-08 18:24:18','2015-05-07 05:02:54'),(151,10,'North Scarlett','2016-06-23 04:28:21','2019-05-06 05:36:19'),(152,43,'Maxhaven','2013-06-25 15:00:22','2014-03-14 06:00:39'),(153,37,'Lake Vestaville','2014-09-01 08:07:39','2018-08-28 13:48:48'),(154,50,'East Janae','2020-01-03 14:56:37','2016-07-24 11:27:56'),(155,23,'Kasandraport','2018-01-21 04:09:02','2011-01-20 10:08:10'),(156,14,'Terrellview','2019-02-28 18:31:43','2012-07-26 00:03:39'),(157,23,'New Malika','2014-06-03 00:12:06','2018-11-05 15:05:31'),(158,9,'West Stefanie','2011-05-04 08:44:23','2011-10-16 08:51:01'),(159,48,'Marisafort','2011-07-08 20:56:07','2013-09-29 22:13:52'),(160,38,'Boehmhaven','2011-07-22 04:01:55','2014-08-21 00:17:05'),(161,4,'Hermanfort','2016-06-07 13:32:53','2013-05-13 16:52:11'),(162,19,'New Claud','2018-06-18 18:26:03','2020-03-23 21:05:01'),(163,18,'East Khalil','2018-10-30 00:59:28','2011-03-12 19:43:03'),(164,39,'East Myrlport','2018-08-10 03:02:44','2015-02-06 11:37:48'),(165,32,'Rachaelside','2014-02-10 15:49:17','2019-12-08 02:30:43'),(166,18,'West Alexane','2014-01-10 01:28:17','2020-01-06 03:36:11'),(167,50,'Claudmouth','2011-08-12 21:17:17','2012-01-17 20:30:04'),(168,17,'Buckridgebury','2015-06-19 20:17:26','2015-11-30 19:04:04'),(169,18,'West Annettamouth','2017-02-04 15:15:38','2017-09-16 16:01:21'),(170,47,'New Moriah','2012-06-17 15:15:09','2019-04-10 03:16:44'),(171,5,'Cronafort','2018-07-24 03:17:47','2018-04-09 11:34:40'),(172,24,'Dickinsonport','2016-05-12 04:39:45','2017-06-04 23:28:22'),(173,33,'Lake Austenberg','2013-02-09 05:30:07','2018-09-12 04:24:13'),(174,33,'East Laverne','2012-03-14 11:21:10','2012-11-18 23:53:21'),(175,20,'New Lilla','2011-04-09 02:09:46','2018-11-07 18:20:44'),(176,48,'North Queenside','2017-10-12 08:11:44','2018-08-06 22:49:55'),(177,50,'Newellborough','2017-03-16 21:25:29','2018-12-10 09:55:35'),(178,9,'Port Ezequiel','2016-07-26 01:05:48','2014-04-27 16:54:23'),(179,31,'Dwightside','2015-11-15 21:43:12','2020-04-23 11:38:51'),(180,35,'Monahanfort','2011-10-01 22:47:11','2020-01-23 22:06:37'),(181,15,'Uniquebury','2011-09-15 06:30:45','2013-06-25 17:37:39'),(182,41,'Kemmerburgh','2012-12-13 00:03:52','2019-11-12 09:15:50'),(183,28,'Dorothytown','2018-07-12 00:20:31','2014-08-17 10:09:33'),(184,2,'Schmelerborough','2016-02-13 17:40:14','2014-12-23 06:16:59'),(185,40,'West Chasityberg','2015-01-16 13:23:26','2013-01-15 19:54:37'),(186,50,'New Yolanda','2017-12-09 01:38:19','2015-10-14 07:22:39'),(187,16,'Lake Bartholomemouth','2018-11-05 15:54:29','2015-02-24 22:29:08'),(188,12,'Gleasonmouth','2020-02-22 09:55:18','2011-06-05 08:13:51'),(189,9,'West Donnaborough','2012-02-23 15:48:03','2020-01-22 16:52:35'),(190,13,'Lake Judge','2016-02-28 16:48:50','2017-09-02 18:37:36'),(191,50,'Port Beatriceborough','2011-12-17 09:52:30','2011-05-14 01:52:39'),(192,12,'Port Goldenton','2011-11-02 01:42:50','2017-04-15 23:50:31'),(193,32,'Lake Lilafort','2016-07-18 09:33:56','2020-08-02 08:07:47'),(194,17,'Schummmouth','2017-01-08 01:25:02','2014-05-07 12:14:37'),(195,50,'New Caleb','2020-05-25 20:47:08','2013-10-14 18:56:16'),(196,14,'Enosmouth','2011-04-02 02:42:06','2018-06-06 16:29:14'),(197,35,'Kuhnbury','2013-07-01 21:07:56','2019-07-02 12:18:42'),(198,49,'North Ludiemouth','2019-11-18 05:07:43','2018-06-25 01:08:59'),(199,30,'West Jules','2018-05-15 08:27:49','2017-07-27 08:16:35'),(200,2,'Uriahmouth','2019-06-10 15:36:48','2020-11-03 19:08:00');
/*!40000 ALTER TABLE `cities` ENABLE KEYS */;
UNLOCK TABLES;

--
-- Table structure for table `communities`
--

DROP TABLE IF EXISTS `communities`;
/*!40101 SET @saved_cs_client     = @@character_set_client */;
/*!40101 SET character_set_client = utf8 */;
CREATE TABLE `communities` (
  `id` bigint unsigned NOT NULL AUTO_INCREMENT,
  `name` varchar(150) CHARACTER SET utf8 COLLATE utf8_unicode_ci NOT NULL,
  `created_at` datetime DEFAULT CURRENT_TIMESTAMP,
  `updated_at` datetime DEFAULT CURRENT_TIMESTAMP ON UPDATE CURRENT_TIMESTAMP,
  PRIMARY KEY (`id`),
  UNIQUE KEY `name` (`name`)
) ENGINE=InnoDB AUTO_INCREMENT=8 DEFAULT CHARSET=utf8 COLLATE=utf8_unicode_ci;
/*!40101 SET character_set_client = @saved_cs_client */;

--
-- Dumping data for table `communities`
--

LOCK TABLES `communities` WRITE;
/*!40000 ALTER TABLE `communities` DISABLE KEYS */;
INSERT INTO `communities` VALUES (1,' Party','2019-04-19 21:03:38','2017-01-01 00:01:51'),(2,' Trips','2020-01-16 03:13:23','2013-04-22 17:57:00'),(3,' Books','2016-04-25 22:37:30','2016-12-31 15:42:50'),(4,' Family','2015-06-26 09:54:07','2012-09-13 20:46:39'),(5,' Job','2015-01-16 15:10:15','2018-05-03 02:48:44'),(6,'Sport','2017-08-23 04:05:35','2017-02-15 17:46:08'),(7,' Movies','2013-07-02 07:34:11','2017-02-26 09:01:51');
/*!40000 ALTER TABLE `communities` ENABLE KEYS */;
UNLOCK TABLES;

--
-- Table structure for table `communities_users`
--

DROP TABLE IF EXISTS `communities_users`;
/*!40101 SET @saved_cs_client     = @@character_set_client */;
/*!40101 SET character_set_client = utf8 */;
CREATE TABLE `communities_users` (
  `community_id` int unsigned NOT NULL,
  `user_id` int unsigned NOT NULL,
  `created_at` datetime DEFAULT CURRENT_TIMESTAMP,
  `updated_at` datetime DEFAULT CURRENT_TIMESTAMP ON UPDATE CURRENT_TIMESTAMP,
  PRIMARY KEY (`community_id`,`user_id`)
) ENGINE=InnoDB DEFAULT CHARSET=utf8 COLLATE=utf8_unicode_ci;
/*!40101 SET character_set_client = @saved_cs_client */;

--
-- Dumping data for table `communities_users`
--

LOCK TABLES `communities_users` WRITE;
/*!40000 ALTER TABLE `communities_users` DISABLE KEYS */;
INSERT INTO `communities_users` VALUES (1,3,'2015-11-02 17:13:48','2020-11-25 20:05:52'),(1,56,'2013-10-07 16:08:34','2020-11-25 20:05:52'),(1,60,'2012-04-04 04:09:52','2020-11-25 20:05:52'),(1,70,'2013-03-24 00:55:23','2020-11-25 20:05:52'),(1,73,'2018-04-17 11:11:55','2020-11-25 20:05:52'),(1,76,'2019-09-19 15:35:22','2020-11-25 20:05:52'),(1,79,'2018-01-01 03:03:19','2020-11-25 20:05:52'),(1,87,'2013-07-08 20:29:28','2020-11-25 20:05:52'),(2,2,'2012-09-11 06:40:35','2020-11-25 20:05:52'),(2,11,'2013-07-09 16:10:46','2020-11-25 20:05:52'),(2,22,'2020-10-12 19:18:42','2020-11-25 20:05:52'),(2,30,'2011-02-18 09:19:23','2020-11-25 20:05:52'),(2,31,'2015-10-05 03:16:10','2020-11-25 20:05:52'),(2,32,'2019-09-02 17:06:15','2020-11-25 20:05:52'),(2,79,'2019-10-09 16:03:29','2020-11-25 20:05:52'),(2,81,'2013-08-09 20:12:52','2020-11-25 20:05:52'),(2,82,'2017-08-31 15:13:50','2020-11-25 20:05:52'),(3,7,'2012-10-24 07:38:00','2020-11-25 20:05:52'),(3,11,'2014-07-27 21:11:10','2020-11-25 20:05:52'),(3,19,'2017-08-24 22:43:47','2020-11-25 20:05:52'),(3,34,'2016-08-21 12:11:09','2020-11-25 20:05:52'),(3,61,'2019-03-31 14:54:28','2020-11-25 20:05:52'),(3,92,'2018-03-22 17:37:13','2020-11-25 20:05:52'),(4,5,'2016-09-13 22:48:31','2020-11-25 20:05:52'),(4,14,'2019-04-14 18:57:46','2020-11-25 20:05:52'),(4,22,'2020-09-22 23:19:55','2020-11-25 20:05:52'),(4,32,'2018-10-06 23:28:44','2020-11-25 20:05:52'),(4,53,'2015-10-19 04:10:24','2020-11-25 20:05:52'),(4,59,'2018-08-20 20:23:47','2020-11-25 20:05:52'),(4,71,'2013-12-11 09:02:18','2020-11-25 20:05:52'),(5,5,'2019-05-22 08:00:18','2020-11-25 20:05:52'),(5,16,'2014-10-22 08:52:03','2020-11-25 20:05:52'),(5,32,'2018-10-12 05:23:56','2020-11-25 20:05:52'),(5,34,'2015-11-12 14:21:34','2020-11-25 20:05:52'),(5,99,'2013-02-28 01:29:51','2020-11-25 20:05:52'),(6,7,'2015-10-11 17:50:35','2020-11-25 20:05:52'),(6,25,'2013-08-21 03:03:40','2020-11-25 20:05:52'),(6,56,'2014-02-25 15:15:29','2020-11-25 20:05:52'),(6,71,'2018-07-04 23:38:23','2020-11-25 20:05:52'),(6,81,'2012-07-30 00:40:11','2020-11-25 20:05:52'),(6,82,'2014-10-04 01:51:32','2020-11-25 20:05:52'),(6,93,'2020-05-17 11:47:03','2020-11-25 20:05:52'),(7,4,'2013-02-27 19:40:33','2020-11-25 20:05:52'),(7,7,'2018-10-22 11:13:49','2020-11-25 20:05:52'),(7,79,'2019-01-19 23:05:36','2020-11-25 20:05:52'),(7,82,'2015-01-29 08:12:59','2020-11-25 20:05:52'),(7,96,'2012-06-07 07:10:25','2020-11-25 20:05:52');
/*!40000 ALTER TABLE `communities_users` ENABLE KEYS */;
UNLOCK TABLES;

--
-- Table structure for table `countries`
--

DROP TABLE IF EXISTS `countries`;
/*!40101 SET @saved_cs_client     = @@character_set_client */;
/*!40101 SET character_set_client = utf8 */;
CREATE TABLE `countries` (
  `id` bigint unsigned NOT NULL AUTO_INCREMENT,
  `country` varchar(64) CHARACTER SET utf8 COLLATE utf8_unicode_ci DEFAULT NULL,
  `country_code` int NOT NULL,
  `iso_code` varchar(10) CHARACTER SET utf8 COLLATE utf8_unicode_ci NOT NULL,
  `created_at` datetime DEFAULT CURRENT_TIMESTAMP,
  `updated_at` datetime DEFAULT CURRENT_TIMESTAMP ON UPDATE CURRENT_TIMESTAMP,
  PRIMARY KEY (`id`)
) ENGINE=InnoDB AUTO_INCREMENT=51 DEFAULT CHARSET=utf8 COLLATE=utf8_unicode_ci;
/*!40101 SET character_set_client = @saved_cs_client */;

--
-- Dumping data for table `countries`
--

LOCK TABLES `countries` WRITE;
/*!40000 ALTER TABLE `countries` DISABLE KEYS */;
INSERT INTO `countries` VALUES (1,'Egypt',294,'DE','2017-04-19 14:27:40','2015-02-12 02:05:07'),(2,'China',441,'ES','2020-02-23 20:28:00','2020-06-27 11:40:44'),(3,'Palau',412,'ES','2014-08-11 05:39:38','2014-01-13 09:06:33'),(4,'Russian Federation',834,'ES','2019-04-05 08:51:25','2011-07-13 05:48:21'),(5,'Papua New Guinea',707,'DE','2020-07-11 12:37:02','2020-09-15 09:38:45'),(6,'Norfolk Island',460,'RU','2018-08-31 16:45:38','2016-05-09 04:43:16'),(7,'Antarctica (the territory South of 60 deg S)',239,'PT','2016-06-29 00:23:09','2018-05-18 02:59:59'),(8,'Papua New Guinea',967,'DE','2017-03-30 11:50:41','2020-05-22 09:42:14'),(9,'Turkmenistan',934,'PT','2011-05-23 13:06:01','2015-01-20 21:50:23'),(10,'Vanuatu',279,'IT','2014-11-24 20:28:29','2014-02-13 02:02:51'),(11,'Cameroon',566,'IT','2011-01-16 05:49:08','2020-10-04 02:11:30'),(12,'Libyan Arab Jamahiriya',976,'ES','2016-12-20 09:05:09','2015-10-27 17:41:01'),(13,'Bangladesh',599,'US','2019-07-09 13:03:31','2012-06-16 05:19:11'),(14,'Togo',863,'FR','2019-01-09 20:29:50','2017-08-09 19:02:36'),(15,'American Samoa',994,'PT','2011-01-28 21:29:55','2015-03-27 21:48:46'),(16,'Panama',810,'DE','2018-10-11 01:47:17','2012-05-28 20:52:09'),(17,'Montenegro',474,'GB','2012-07-29 09:12:48','2015-12-05 02:13:07'),(18,'Qatar',707,'FR','2015-04-29 06:17:13','2019-12-17 02:19:08'),(19,'Botswana',986,'IN','2015-05-12 07:23:14','2016-08-22 23:00:33'),(20,'Barbados',388,'GB','2014-12-12 13:23:23','2011-03-04 16:47:07'),(21,'Switzerland',444,'MX','2011-11-09 07:35:08','2013-08-17 22:32:50'),(22,'Turkey',370,'MX','2014-06-06 21:49:52','2015-01-24 16:34:33'),(23,'Antarctica (the territory South of 60 deg S)',532,'FR','2017-11-12 13:02:20','2013-12-11 02:41:57'),(24,'Mongolia',755,'IT','2017-03-26 21:27:08','2020-07-06 13:46:38'),(25,'Malawi',461,'ES','2020-01-14 03:25:48','2017-07-07 13:41:19'),(26,'Heard Island and McDonald Islands',360,'US','2019-11-09 22:26:18','2018-10-17 09:04:19'),(27,'Egypt',785,'IN','2013-04-27 23:57:42','2012-04-26 05:19:27'),(28,'Antarctica (the territory South of 60 deg S)',337,'GB','2011-07-09 21:06:10','2014-06-11 21:22:58'),(29,'Japan',742,'IE','2020-09-07 12:45:48','2018-10-24 12:34:45'),(30,'Ecuador',322,'IN','2013-03-07 10:04:18','2013-11-20 06:21:42'),(31,'Argentina',836,'DE','2013-08-17 11:35:56','2019-04-13 12:10:04'),(32,'Uzbekistan',701,'IT','2019-07-18 22:43:07','2017-09-14 03:16:03'),(33,'Moldova',729,'RU','2019-12-21 18:29:32','2019-08-27 00:56:23'),(34,'Christmas Island',860,'IN','2011-09-22 21:36:24','2019-02-18 15:12:39'),(35,'Isle of Man',543,'FR','2014-03-26 03:47:54','2016-07-28 06:06:09'),(36,'Armenia',465,'CN','2011-11-17 17:01:13','2017-06-25 04:11:17'),(37,'Macedonia',887,'US','2020-10-22 01:35:13','2018-10-12 13:45:09'),(38,'Madagascar',342,'MX','2014-08-23 09:49:57','2020-05-12 11:30:37'),(39,'Rwanda',406,'US','2014-04-14 11:44:03','2018-08-28 14:25:29'),(40,'Martinique',790,'IE','2014-08-20 03:45:41','2013-04-28 13:05:13'),(41,'Iceland',894,'RU','2015-05-21 02:41:19','2019-12-24 15:12:53'),(42,'Spain',368,'CN','2018-01-15 23:45:01','2019-12-26 21:19:48'),(43,'Czech Republic',911,'PT','2017-05-26 10:42:06','2018-05-15 02:04:06'),(44,'Gabon',134,'FR','2014-10-14 04:30:48','2020-05-20 03:58:36'),(45,'Kuwait',902,'IE','2016-04-06 05:41:35','2013-05-14 17:39:22'),(46,'Myanmar',583,'IN','2020-03-16 22:49:46','2011-10-13 19:26:07'),(47,'Seychelles',836,'IT','2019-12-14 07:03:45','2012-08-04 23:54:42'),(48,'Jamaica',141,'IE','2011-11-28 10:03:20','2013-12-23 02:25:06'),(49,'Guyana',373,'GB','2018-02-27 08:49:05','2020-09-28 09:07:17'),(50,'Grenada',804,'IT','2016-01-28 13:52:30','2013-05-26 06:40:57');
/*!40000 ALTER TABLE `countries` ENABLE KEYS */;
UNLOCK TABLES;

--
-- Table structure for table `friendship`
--

DROP TABLE IF EXISTS `friendship`;
/*!40101 SET @saved_cs_client     = @@character_set_client */;
/*!40101 SET character_set_client = utf8 */;
CREATE TABLE `friendship` (
  `user_id` int unsigned NOT NULL,
  `friend_id` int unsigned NOT NULL,
  `status_id` int unsigned NOT NULL,
  `requested_at` datetime DEFAULT CURRENT_TIMESTAMP,
  `confirmed_at` datetime DEFAULT NULL,
  `created_at` datetime DEFAULT CURRENT_TIMESTAMP,
  `updated_at` datetime DEFAULT CURRENT_TIMESTAMP ON UPDATE CURRENT_TIMESTAMP,
  PRIMARY KEY (`user_id`,`friend_id`)
) ENGINE=InnoDB DEFAULT CHARSET=utf8 COLLATE=utf8_unicode_ci;
/*!40101 SET character_set_client = @saved_cs_client */;

--
-- Dumping data for table `friendship`
--

LOCK TABLES `friendship` WRITE;
/*!40000 ALTER TABLE `friendship` DISABLE KEYS */;
INSERT INTO `friendship` VALUES (2,69,2,'2013-10-02 08:35:19','2020-11-25 20:02:02','2020-01-29 07:12:55','2020-11-25 20:03:17'),(2,98,3,'2015-08-12 11:02:00','2020-11-25 20:02:02','2012-03-19 18:32:44','2020-11-25 20:03:17'),(4,25,2,'2019-10-07 11:36:11','2020-11-25 20:02:02','2020-08-05 00:30:24','2020-11-25 20:03:17'),(5,20,3,'2015-03-26 09:16:24','2019-04-16 13:15:30','2019-03-24 07:26:04','2020-11-25 20:03:17'),(6,5,2,'2013-10-27 08:47:50','2020-11-25 20:02:02','2019-01-26 21:31:13','2020-11-25 20:03:17'),(7,67,2,'2020-09-21 15:14:33','2020-11-25 20:02:02','2016-12-03 09:11:01','2020-11-25 20:03:17'),(7,71,2,'2013-09-14 03:18:59','2020-11-25 20:02:02','2016-08-18 22:41:04','2020-11-25 20:03:17'),(8,89,2,'2011-08-30 17:41:40','2016-02-07 10:33:36','2013-11-27 09:51:35','2020-11-25 20:03:17'),(9,87,3,'2012-08-25 08:38:29','2013-10-16 05:54:46','2012-10-07 17:15:14','2020-11-25 20:03:17'),(11,55,2,'2015-04-09 15:46:34','2018-09-03 18:10:09','2016-12-15 06:14:02','2020-11-25 20:03:17'),(12,4,1,'2017-03-12 21:27:58','2020-11-25 20:02:02','2015-06-29 13:51:20','2020-11-25 20:03:17'),(13,15,2,'2016-03-06 12:01:41','2020-06-30 19:18:22','2018-06-29 04:52:14','2020-11-25 20:03:17'),(14,8,3,'2019-10-01 20:31:34','2017-07-06 03:56:03','2014-08-17 06:59:37','2020-11-25 20:03:17'),(14,54,3,'2017-05-04 05:15:24','2020-11-25 20:02:02','2018-04-10 02:45:14','2020-11-25 20:03:17'),(14,95,2,'2019-10-08 02:14:04','2018-08-24 23:05:28','2016-06-10 07:49:26','2020-11-25 20:03:17'),(15,54,3,'2017-05-16 01:21:34','2020-11-25 20:02:02','2017-11-12 01:46:12','2020-11-25 20:03:17'),(17,34,3,'2014-11-22 09:34:56','2020-11-25 20:02:02','2019-04-28 17:17:59','2020-11-25 20:03:17'),(17,38,1,'2016-08-27 18:21:02','2020-11-25 20:02:02','2020-02-09 01:18:50','2020-11-25 20:03:17'),(17,59,3,'2020-10-20 17:41:31','2019-01-29 17:50:54','2017-03-20 00:03:48','2020-11-25 20:03:17'),(18,11,3,'2020-07-21 11:56:00','2015-09-18 12:37:05','2013-09-19 11:45:07','2020-11-25 20:03:17'),(18,67,1,'2013-11-17 11:30:12','2015-12-20 12:07:47','2013-01-10 07:39:00','2020-11-25 20:03:17'),(18,74,3,'2014-12-31 02:54:39','2020-11-25 20:02:02','2018-06-23 23:02:20','2020-11-25 20:03:17'),(19,40,1,'2011-06-10 06:56:00','2016-03-31 04:26:04','2012-02-03 03:41:38','2020-11-25 20:03:17'),(19,61,2,'2017-07-16 00:32:09','2020-11-25 20:02:02','2014-06-11 22:33:58','2020-11-25 20:03:17'),(20,22,3,'2020-07-02 20:49:42','2020-11-25 20:02:02','2017-04-10 02:22:53','2020-11-25 20:03:17'),(20,70,1,'2013-10-03 17:52:34','2020-11-25 20:02:02','2015-09-08 20:11:29','2020-11-25 20:03:17'),(20,84,3,'2016-02-15 04:12:57','2020-11-25 20:02:02','2017-05-07 11:43:45','2020-11-25 20:03:17'),(22,98,3,'2019-09-01 08:58:19','2018-03-28 08:34:17','2013-05-27 01:44:15','2020-11-25 20:03:17'),(23,15,1,'2018-04-21 05:44:43','2016-05-13 08:57:45','2016-02-20 14:52:07','2020-11-25 20:03:17'),(23,61,2,'2015-11-12 22:31:52','2015-04-25 06:32:20','2011-08-22 14:21:03','2020-11-25 20:03:17'),(26,75,1,'2017-11-10 12:12:32','2020-11-01 02:24:53','2012-01-11 10:31:32','2020-11-25 20:03:17'),(27,3,1,'2015-05-06 17:50:09','2018-01-20 07:48:28','2011-06-16 09:15:36','2020-11-25 20:03:17'),(28,89,2,'2016-11-28 07:31:42','2020-11-25 20:02:02','2019-12-11 11:57:24','2020-11-25 20:03:17'),(29,67,2,'2019-06-17 02:19:30','2020-11-25 20:02:02','2019-03-29 01:24:01','2020-11-25 20:03:17'),(31,76,1,'2012-03-05 19:14:34','2020-11-25 20:02:02','2017-09-09 19:33:49','2020-11-25 20:03:17'),(33,25,1,'2012-02-21 05:11:32','2020-06-02 03:49:07','2017-02-11 19:41:13','2020-11-25 20:03:17'),(33,29,3,'2018-01-21 03:51:41','2020-11-25 20:02:02','2016-03-29 23:54:20','2020-11-25 20:03:17'),(34,98,1,'2017-06-21 07:13:53','2015-02-18 08:43:48','2012-03-20 23:10:49','2020-11-25 20:03:17'),(36,20,1,'2017-05-09 11:53:52','2020-11-25 20:02:02','2017-04-08 14:19:26','2020-11-25 20:03:17'),(36,27,2,'2018-09-07 10:18:44','2016-08-21 02:19:11','2015-01-07 06:03:26','2020-11-25 20:03:17'),(36,89,2,'2012-01-31 04:33:42','2020-11-25 20:02:02','2018-04-19 12:08:38','2020-11-25 20:03:17'),(37,36,1,'2011-08-10 09:10:35','2012-12-08 03:03:19','2012-06-08 10:44:00','2020-11-25 20:03:17'),(37,78,1,'2014-05-18 18:12:21','2016-10-03 17:12:28','2014-12-03 02:05:05','2020-11-25 20:03:17'),(37,96,3,'2018-02-20 02:46:59','2020-10-11 07:44:15','2014-06-20 09:54:23','2020-11-25 20:03:17'),(38,19,1,'2019-05-10 12:42:45','2020-11-25 20:02:02','2018-07-02 19:23:42','2020-11-25 20:03:17'),(38,87,1,'2011-01-02 04:46:53','2020-11-25 20:02:02','2019-12-17 22:09:48','2020-11-25 20:03:17'),(39,31,2,'2019-01-14 05:17:35','2017-08-12 00:19:56','2012-12-25 08:36:52','2020-11-25 20:03:17'),(40,6,3,'2011-05-27 07:43:19','2020-11-25 20:02:02','2017-08-01 14:22:46','2020-11-25 20:03:17'),(40,30,2,'2016-05-26 23:33:23','2020-11-25 20:02:02','2020-10-07 00:56:53','2020-11-25 20:03:17'),(41,42,3,'2014-05-22 21:45:49','2020-11-25 20:02:02','2017-05-08 12:39:25','2020-11-25 20:03:17'),(41,65,1,'2012-07-13 00:23:59','2020-11-25 20:02:02','2019-11-20 15:46:00','2020-11-25 20:03:17'),(43,82,3,'2015-02-20 18:20:37','2020-07-13 16:31:45','2019-06-18 03:17:42','2020-11-25 20:03:17'),(47,90,3,'2013-04-07 00:19:33','2020-02-08 04:19:42','2017-08-09 23:48:25','2020-11-25 20:03:17'),(47,96,1,'2013-01-05 13:09:49','2020-11-25 20:02:02','2016-12-30 22:55:38','2020-11-25 20:03:17'),(49,5,1,'2014-08-28 17:03:57','2020-11-25 20:02:02','2019-05-29 09:39:03','2020-11-25 20:03:17'),(50,52,1,'2013-11-26 12:48:38','2020-11-25 20:02:02','2017-12-13 08:50:02','2020-11-25 20:03:17'),(52,20,3,'2011-03-20 14:56:11','2020-11-25 20:02:02','2019-12-05 16:34:03','2020-11-25 20:03:17'),(52,77,1,'2014-04-29 06:39:13','2020-11-25 20:02:02','2018-08-06 16:52:45','2020-11-25 20:03:17'),(52,79,2,'2012-12-30 05:28:33','2020-11-25 20:02:02','2014-02-13 00:17:52','2020-11-25 20:03:17'),(54,24,2,'2013-08-31 22:33:41','2020-11-25 20:02:02','2013-06-28 20:10:40','2020-11-25 20:03:17'),(54,51,3,'2012-07-15 01:00:26','2019-03-08 17:16:18','2018-08-26 13:42:46','2020-11-25 20:03:17'),(54,68,3,'2017-04-28 20:59:56','2020-11-25 20:02:02','2017-11-21 16:47:58','2020-11-25 20:03:17'),(55,20,1,'2015-06-01 09:59:43','2020-11-25 20:02:02','2017-04-19 15:41:55','2020-11-25 20:03:17'),(58,80,3,'2020-06-25 18:06:39','2020-11-25 20:02:02','2014-12-10 05:06:53','2020-11-25 20:03:17'),(59,37,1,'2016-11-14 05:07:00','2020-02-20 04:53:30','2016-01-12 18:49:37','2020-11-25 20:03:17'),(59,75,1,'2014-11-03 23:27:41','2012-03-21 00:01:16','2012-03-15 17:43:24','2020-11-25 20:03:17'),(60,7,3,'2016-06-30 05:35:05','2016-11-08 04:51:18','2011-02-16 20:25:26','2020-11-25 20:03:17'),(65,18,3,'2016-08-09 01:23:40','2020-11-25 20:02:02','2017-11-18 20:26:35','2020-11-25 20:03:17'),(66,83,2,'2016-12-08 21:53:49','2020-11-25 20:02:02','2017-04-25 02:43:33','2020-11-25 20:03:17'),(67,17,1,'2018-02-26 10:07:34','2017-05-22 01:56:17','2014-07-07 12:40:40','2020-11-25 20:03:17'),(70,61,2,'2020-02-18 08:13:10','2018-06-06 05:15:32','2018-01-09 18:16:46','2020-11-25 20:03:17'),(70,69,2,'2013-11-14 03:26:40','2020-11-25 20:02:02','2011-08-08 04:34:58','2020-11-25 20:03:17'),(71,45,3,'2014-12-13 16:09:52','2020-11-25 20:02:02','2015-12-20 19:45:56','2020-11-25 20:03:17'),(74,37,3,'2020-10-01 14:46:58','2020-11-25 20:02:02','2019-08-05 10:17:38','2020-11-25 20:03:17'),(74,77,1,'2016-11-20 14:41:32','2020-11-25 20:02:02','2020-01-14 16:56:29','2020-11-25 20:03:17'),(76,52,3,'2018-02-23 00:50:18','2019-12-30 06:57:02','2014-08-21 18:58:36','2020-11-25 20:03:17'),(77,2,2,'2012-03-19 18:28:17','2020-02-27 05:53:15','2017-09-11 03:44:50','2020-11-25 20:03:17'),(77,9,1,'2012-11-21 17:35:08','2020-11-25 20:02:02','2018-08-13 12:02:49','2020-11-25 20:03:17'),(79,82,3,'2016-08-03 16:17:57','2020-09-20 08:20:47','2019-04-19 12:02:37','2020-11-25 20:03:17'),(80,43,1,'2011-06-28 14:32:02','2020-11-25 20:02:02','2019-03-21 07:27:49','2020-11-25 20:03:17'),(82,11,3,'2011-05-19 00:55:41','2020-11-25 20:02:02','2020-08-29 06:41:40','2020-11-25 20:03:17'),(82,87,2,'2014-02-21 07:51:44','2020-11-25 20:02:02','2014-08-31 04:15:40','2020-11-25 20:03:17'),(82,94,3,'2012-08-16 13:33:02','2020-11-25 20:02:02','2014-10-10 16:31:34','2020-11-25 20:03:17'),(84,68,1,'2018-04-16 10:45:54','2020-11-25 20:02:02','2017-01-23 02:40:51','2020-11-25 20:03:17'),(87,38,3,'2013-08-09 00:40:55','2020-11-25 20:02:02','2019-02-10 11:30:47','2020-11-25 20:03:17'),(87,85,3,'2019-04-01 22:40:04','2019-11-30 14:21:43','2019-11-28 07:43:27','2020-11-25 20:03:17'),(88,8,2,'2020-11-09 22:55:45','2020-10-31 17:42:03','2018-02-14 06:48:03','2020-11-25 20:03:17'),(88,73,2,'2019-12-08 23:27:01','2020-11-25 20:02:02','2012-09-17 09:51:32','2020-11-25 20:03:17'),(90,3,3,'2014-12-27 08:40:43','2020-11-25 20:02:02','2015-07-18 15:22:41','2020-11-25 20:03:17'),(90,93,1,'2017-06-12 23:59:15','2020-11-25 20:02:02','2017-05-29 20:35:00','2020-11-25 20:03:17'),(90,100,3,'2012-06-26 00:50:07','2018-08-02 15:54:59','2013-08-30 01:54:26','2020-11-25 20:03:17'),(92,44,3,'2018-03-20 16:18:40','2020-11-25 20:02:02','2018-07-09 04:55:49','2020-11-25 20:03:17'),(92,69,1,'2015-04-27 21:57:38','2020-11-25 20:02:02','2019-10-04 14:44:48','2020-11-25 20:03:17'),(93,42,2,'2016-04-03 21:39:25','2020-11-25 20:02:02','2014-12-13 00:20:24','2020-11-25 20:03:17'),(93,50,3,'2016-09-30 03:27:16','2020-11-25 20:02:02','2015-08-04 07:17:31','2020-11-25 20:03:17'),(95,8,3,'2012-01-27 22:44:38','2011-05-19 18:20:24','2011-05-06 03:09:06','2020-11-25 20:03:17'),(98,6,1,'2018-03-09 13:08:39','2020-11-25 20:02:02','2019-10-26 11:21:08','2020-11-25 20:03:17'),(98,87,1,'2014-06-06 04:41:34','2020-11-25 20:02:02','2013-02-09 20:17:30','2020-11-25 20:03:17'),(100,71,1,'2018-06-09 09:36:16','2015-03-03 18:05:56','2013-08-13 13:56:26','2020-11-25 20:03:17');
/*!40000 ALTER TABLE `friendship` ENABLE KEYS */;
UNLOCK TABLES;

--
-- Table structure for table `friendship_statuses`
--

DROP TABLE IF EXISTS `friendship_statuses`;
/*!40101 SET @saved_cs_client     = @@character_set_client */;
/*!40101 SET character_set_client = utf8 */;
CREATE TABLE `friendship_statuses` (
  `id` bigint unsigned NOT NULL AUTO_INCREMENT,
  `name` varchar(150) CHARACTER SET utf8 COLLATE utf8_unicode_ci NOT NULL,
  `created_at` datetime DEFAULT CURRENT_TIMESTAMP,
  `updated_at` datetime DEFAULT CURRENT_TIMESTAMP ON UPDATE CURRENT_TIMESTAMP,
  PRIMARY KEY (`id`),
  UNIQUE KEY `name` (`name`)
) ENGINE=InnoDB AUTO_INCREMENT=4 DEFAULT CHARSET=utf8 COLLATE=utf8_unicode_ci;
/*!40101 SET character_set_client = @saved_cs_client */;

--
-- Dumping data for table `friendship_statuses`
--

LOCK TABLES `friendship_statuses` WRITE;
/*!40000 ALTER TABLE `friendship_statuses` DISABLE KEYS */;
INSERT INTO `friendship_statuses` VALUES (1,'declined','2018-02-07 18:42:17','2016-06-09 02:39:35'),(2,'accepted','2016-08-17 14:59:03','2013-04-25 10:32:11'),(3,'not responded','2011-09-24 17:59:41','2016-10-03 12:38:16');
/*!40000 ALTER TABLE `friendship_statuses` ENABLE KEYS */;
UNLOCK TABLES;

--
-- Table structure for table `likes`
--

DROP TABLE IF EXISTS `likes`;
/*!40101 SET @saved_cs_client     = @@character_set_client */;
/*!40101 SET character_set_client = utf8 */;
CREATE TABLE `likes` (
  `id` bigint unsigned NOT NULL AUTO_INCREMENT,
  `to_user_id` int unsigned NOT NULL,
  `from_user_id` int unsigned NOT NULL,
  `likes_type_id` int unsigned NOT NULL,
  `created_at` datetime DEFAULT CURRENT_TIMESTAMP,
  `updated_at` datetime DEFAULT CURRENT_TIMESTAMP ON UPDATE CURRENT_TIMESTAMP,
  PRIMARY KEY (`id`)
) ENGINE=InnoDB AUTO_INCREMENT=101 DEFAULT CHARSET=utf8 COLLATE=utf8_unicode_ci;
/*!40101 SET character_set_client = @saved_cs_client */;

--
-- Dumping data for table `likes`
--

LOCK TABLES `likes` WRITE;
/*!40000 ALTER TABLE `likes` DISABLE KEYS */;
INSERT INTO `likes` VALUES (1,51,58,1,'2011-01-10 08:29:21','2014-06-24 01:13:56'),(2,14,19,2,'2019-03-30 13:32:56','2011-09-18 11:22:22'),(3,72,27,2,'2019-03-07 19:35:04','2014-04-22 05:10:37'),(4,95,23,2,'2015-02-08 17:44:00','2014-07-14 07:08:59'),(5,39,52,1,'2014-07-21 22:09:33','2012-01-01 04:58:05'),(6,13,62,1,'2016-07-29 01:40:49','2011-08-12 15:40:20'),(7,33,38,1,'2016-05-25 20:25:14','2013-11-27 20:50:45'),(8,66,74,3,'2011-11-24 13:09:36','2017-11-01 05:51:05'),(9,59,43,3,'2013-05-01 08:12:48','2012-05-27 17:23:50'),(10,56,69,2,'2012-04-23 12:11:05','2019-11-20 21:24:40'),(11,74,20,1,'2019-12-09 12:37:35','2013-05-06 05:43:40'),(12,91,34,1,'2015-12-06 21:23:48','2011-03-05 17:06:46'),(13,42,5,2,'2019-09-09 14:47:53','2010-12-17 12:17:40'),(14,96,100,3,'2018-03-31 19:15:27','2012-10-25 12:20:09'),(15,44,38,1,'2015-01-17 15:21:01','2011-09-16 10:20:45'),(16,62,51,3,'2012-04-14 16:03:25','2017-04-20 03:55:13'),(17,76,83,1,'2018-12-31 14:09:09','2017-06-29 15:49:13'),(18,2,48,3,'2012-04-26 03:34:48','2013-05-27 07:30:26'),(19,99,7,2,'2020-06-01 00:34:35','2016-04-04 05:44:17'),(20,74,62,1,'2011-08-09 11:30:42','2012-10-11 16:18:00'),(21,24,35,1,'2016-09-21 02:40:50','2012-09-09 03:43:34'),(22,30,26,2,'2020-01-31 18:25:49','2016-05-29 10:51:47'),(23,55,67,3,'2020-07-21 19:36:13','2012-06-11 07:23:34'),(24,7,62,2,'2014-06-21 22:46:56','2018-09-20 02:56:08'),(25,81,6,1,'2017-05-03 03:08:58','2018-05-27 04:08:37'),(26,7,68,2,'2020-10-13 11:27:16','2012-07-25 06:52:47'),(27,95,44,2,'2014-04-07 10:08:39','2020-10-06 00:04:37'),(28,19,45,3,'2018-08-28 01:13:41','2017-02-06 07:14:43'),(29,17,44,3,'2015-04-27 13:11:31','2013-10-14 18:44:10'),(30,57,18,2,'2017-06-01 07:08:31','2012-12-26 20:48:28'),(31,66,41,3,'2015-07-03 15:18:31','2017-10-25 14:40:55'),(32,95,71,1,'2014-01-08 21:49:16','2013-10-03 03:19:08'),(33,57,26,3,'2015-03-23 15:48:57','2019-04-25 08:49:21'),(34,24,32,2,'2015-01-02 23:40:31','2012-03-23 00:46:16'),(35,90,13,2,'2012-04-05 14:39:35','2016-06-30 04:08:07'),(36,93,20,1,'2016-01-08 00:52:57','2017-09-11 20:18:45'),(37,47,14,2,'2012-10-18 18:51:06','2013-08-25 20:32:18'),(38,83,33,1,'2017-05-14 01:14:56','2013-01-22 08:19:15'),(39,66,50,2,'2020-05-09 15:27:43','2019-12-14 22:48:38'),(40,56,6,2,'2016-07-10 11:05:47','2016-04-17 20:10:19'),(41,6,72,1,'2016-07-30 02:57:07','2017-11-23 05:36:14'),(42,92,66,3,'2015-02-06 07:38:35','2017-05-03 16:45:31'),(43,3,23,3,'2018-04-09 21:28:29','2013-10-13 02:25:09'),(44,81,46,1,'2011-02-12 11:09:32','2014-01-12 03:48:55'),(45,20,35,2,'2013-05-25 03:58:15','2016-03-20 19:15:31'),(46,65,28,2,'2014-02-05 06:13:53','2020-03-18 15:53:52'),(47,78,75,3,'2017-02-11 02:34:55','2019-05-14 16:00:12'),(48,33,57,1,'2014-08-21 00:56:26','2011-07-02 03:54:57'),(49,34,23,2,'2017-04-02 09:50:08','2017-03-11 11:30:46'),(50,78,78,2,'2016-10-23 01:14:29','2012-07-29 16:44:19'),(51,40,84,2,'2013-10-31 17:09:01','2015-02-24 19:08:02'),(52,43,75,3,'2017-07-11 10:12:30','2019-08-09 01:53:36'),(53,16,78,1,'2015-12-23 22:27:49','2012-01-18 16:44:50'),(54,15,58,3,'2017-12-12 22:58:34','2020-03-12 01:14:38'),(55,45,78,1,'2020-02-25 09:42:17','2016-05-06 15:38:33'),(56,87,43,1,'2015-06-09 23:14:53','2019-03-20 09:25:24'),(57,49,20,1,'2020-08-29 02:31:01','2017-03-15 15:42:14'),(58,24,52,2,'2012-08-26 19:32:48','2014-03-01 11:01:26'),(59,32,85,3,'2011-09-01 02:06:10','2015-04-28 23:00:05'),(60,88,63,2,'2012-04-25 10:54:10','2017-04-11 06:07:41'),(61,51,2,2,'2012-01-21 20:42:04','2011-01-22 15:05:00'),(62,85,44,1,'2016-09-26 13:11:29','2013-08-10 05:35:41'),(63,84,60,3,'2015-01-05 12:10:18','2015-05-30 09:48:23'),(64,6,74,2,'2011-05-14 17:26:26','2014-11-17 10:29:05'),(65,74,18,1,'2018-02-09 12:14:32','2019-01-11 07:04:44'),(66,76,5,3,'2014-08-03 21:21:32','2019-12-09 11:09:18'),(67,6,53,3,'2012-01-13 19:06:09','2020-09-14 12:41:32'),(68,10,76,2,'2018-07-08 15:37:05','2018-04-27 12:40:33'),(69,71,7,1,'2019-04-20 15:05:30','2017-09-12 00:53:05'),(70,54,95,3,'2020-09-19 09:28:37','2020-04-02 18:03:30'),(71,14,45,3,'2014-02-17 03:21:18','2014-06-12 10:38:12'),(72,58,30,2,'2014-06-22 17:18:48','2012-03-05 00:28:18'),(73,77,14,3,'2012-10-24 02:19:02','2018-10-20 22:27:09'),(74,73,19,3,'2013-06-12 16:42:15','2015-07-19 23:51:54'),(75,27,93,3,'2016-04-09 08:28:42','2018-04-23 12:14:22'),(76,57,69,3,'2019-07-07 06:49:44','2020-06-27 15:28:21'),(77,30,74,2,'2020-10-13 16:25:50','2015-03-21 21:45:39'),(78,22,84,1,'2011-02-16 13:52:16','2015-04-13 19:21:59'),(79,66,55,1,'2012-05-12 19:08:30','2012-09-22 22:33:14'),(80,95,8,1,'2018-02-19 14:39:46','2018-10-19 12:40:27'),(81,86,22,2,'2019-12-20 16:23:35','2015-02-13 17:53:28'),(82,78,80,3,'2013-07-11 08:16:36','2015-09-18 13:13:42'),(83,15,57,1,'2012-03-18 07:15:33','2014-11-10 10:02:10'),(84,12,29,1,'2012-03-29 11:58:58','2014-08-19 15:02:07'),(85,81,56,1,'2012-08-07 08:49:02','2018-06-09 05:27:48'),(86,69,12,3,'2017-08-04 19:16:20','2014-06-18 11:41:43'),(87,60,42,2,'2020-03-16 21:01:25','2019-12-22 10:50:40'),(88,4,64,2,'2011-07-04 00:04:23','2018-03-09 01:39:28'),(89,24,29,3,'2015-10-15 22:33:11','2019-09-09 14:59:47'),(90,50,23,1,'2011-06-04 21:54:43','2014-01-30 08:52:42'),(91,71,8,1,'2019-09-01 15:24:41','2017-03-06 00:10:56'),(92,37,86,1,'2020-08-19 17:21:35','2017-08-01 21:48:14'),(93,32,1,2,'2017-05-22 07:41:25','2012-11-15 23:05:03'),(94,40,12,3,'2017-07-24 21:11:13','2015-02-05 03:49:55'),(95,67,93,2,'2014-09-29 23:02:03','2013-04-25 12:55:14'),(96,87,61,2,'2018-01-29 15:04:23','2011-12-09 18:15:22'),(97,74,21,1,'2010-12-25 22:19:35','2017-09-25 15:02:53'),(98,36,25,2,'2017-08-26 04:18:56','2014-11-03 23:03:14'),(99,81,48,3,'2019-11-28 04:01:48','2017-05-22 01:46:55'),(100,81,97,1,'2015-09-02 23:14:49','2017-11-11 01:07:32');
/*!40000 ALTER TABLE `likes` ENABLE KEYS */;
UNLOCK TABLES;

--
-- Table structure for table `likes_types`
--

DROP TABLE IF EXISTS `likes_types`;
/*!40101 SET @saved_cs_client     = @@character_set_client */;
/*!40101 SET character_set_client = utf8 */;
CREATE TABLE `likes_types` (
  `id` bigint unsigned NOT NULL AUTO_INCREMENT,
  `name` varchar(255) CHARACTER SET utf8 COLLATE utf8_unicode_ci NOT NULL,
  `created_at` datetime DEFAULT CURRENT_TIMESTAMP,
  `updated_at` datetime DEFAULT CURRENT_TIMESTAMP ON UPDATE CURRENT_TIMESTAMP,
  PRIMARY KEY (`id`),
  UNIQUE KEY `name` (`name`)
) ENGINE=InnoDB AUTO_INCREMENT=4 DEFAULT CHARSET=utf8 COLLATE=utf8_unicode_ci;
/*!40101 SET character_set_client = @saved_cs_client */;

--
-- Dumping data for table `likes_types`
--

LOCK TABLES `likes_types` WRITE;
/*!40000 ALTER TABLE `likes_types` DISABLE KEYS */;
INSERT INTO `likes_types` VALUES (1,'post','2016-12-30 10:00:22','2011-12-07 18:26:46'),(2,'user','2012-04-26 12:26:34','2016-04-30 15:15:05'),(3,'media','2018-06-10 13:05:22','2018-10-16 17:53:00');
/*!40000 ALTER TABLE `likes_types` ENABLE KEYS */;
UNLOCK TABLES;

--
-- Table structure for table `media`
--

DROP TABLE IF EXISTS `media`;
/*!40101 SET @saved_cs_client     = @@character_set_client */;
/*!40101 SET character_set_client = utf8 */;
CREATE TABLE `media` (
  `id` bigint unsigned NOT NULL AUTO_INCREMENT,
  `user_id` int unsigned NOT NULL,
  `filename` varchar(255) CHARACTER SET utf8 COLLATE utf8_unicode_ci NOT NULL,
  `size` int NOT NULL,
  `metadata` json DEFAULT NULL,
  `media_type_id` int unsigned NOT NULL,
  `created_at` datetime DEFAULT CURRENT_TIMESTAMP,
  `updated_at` datetime DEFAULT CURRENT_TIMESTAMP ON UPDATE CURRENT_TIMESTAMP,
  PRIMARY KEY (`id`),
  CONSTRAINT `media_chk_1` CHECK (json_valid(`metadata`))
) ENGINE=InnoDB AUTO_INCREMENT=101 DEFAULT CHARSET=utf8 COLLATE=utf8_unicode_ci;
/*!40101 SET character_set_client = @saved_cs_client */;

--
-- Dumping data for table `media`
--

LOCK TABLES `media` WRITE;
/*!40000 ALTER TABLE `media` DISABLE KEYS */;
INSERT INTO `media` VALUES (1,6,'https://dropbox.net/vk/nemo.png',159144429,'{\"owner\": \"Antonette McLaughlin\"}',1,'2013-06-30 01:37:11','2020-11-25 19:51:05'),(2,50,'https://dropbox.net/vk/neque.mp3',1254417,'{\"owner\": \"Moriah Bins\"}',3,'2018-09-24 00:26:04','2020-11-25 19:51:05'),(3,86,'https://dropbox.net/vk/et.jpg',1381582,'{\"owner\": \"Savannah Jaskolski\"}',1,'2013-09-15 11:51:20','2020-11-25 19:51:05'),(4,3,'https://dropbox.net/vk/sapiente.mp3',551110,'{\"owner\": \"Raheem Cormier\"}',1,'2013-08-19 18:40:36','2020-11-25 19:51:05'),(5,60,'https://dropbox.net/vk/ipsum.avi',1144659,'{\"owner\": \"Halle Gottlieb\"}',1,'2013-01-13 20:31:05','2020-11-25 19:51:05'),(6,8,'https://dropbox.net/vk/est.avi',1578548,'{\"owner\": \"Kristopher Pfeffer\"}',1,'2015-10-29 07:47:42','2020-11-25 19:51:05'),(7,92,'https://dropbox.net/vk/autem.mp3',1458766,'{\"owner\": \"Ari Carter\"}',3,'2014-10-23 16:21:36','2020-11-25 19:51:05'),(8,6,'https://dropbox.net/vk/et.mp3',1558184,'{\"owner\": \"Antonette McLaughlin\"}',1,'2016-05-02 02:09:39','2020-11-25 19:51:05'),(9,32,'https://dropbox.net/vk/impedit.png',1414625,'{\"owner\": \"Buford McKenzie\"}',3,'2017-01-13 10:25:48','2020-11-25 19:51:05'),(10,40,'https://dropbox.net/vk/perferendis.png',57589,'{\"owner\": \"Arielle Gusikowski\"}',3,'2015-02-17 14:28:36','2020-11-25 19:51:05'),(11,16,'https://dropbox.net/vk/est.png',1398570,'{\"owner\": \"Hattie Bashirian\"}',1,'2017-11-28 02:38:25','2020-11-25 19:51:05'),(12,59,'https://dropbox.net/vk/adipisci.png',1748979,'{\"owner\": \"Michael Steuber\"}',1,'2013-04-29 01:07:34','2020-11-25 19:51:05'),(13,48,'https://dropbox.net/vk/at.png',33130,'{\"owner\": \"Aiden Cassin\"}',2,'2011-03-03 06:08:03','2020-11-25 19:51:05'),(14,73,'https://dropbox.net/vk/veritatis.avi',1549185,'{\"owner\": \"Electa Grimes\"}',3,'2015-09-02 15:25:42','2020-11-25 19:51:05'),(15,99,'https://dropbox.net/vk/qui.png',1498989,'{\"owner\": \"Suzanne Ebert\"}',1,'2013-03-24 08:41:26','2020-11-25 19:51:05'),(16,35,'https://dropbox.net/vk/laboriosam.jpg',3424785,'{\"owner\": \"Violet Turcotte\"}',1,'2019-06-16 10:23:38','2020-11-25 19:51:05'),(17,58,'https://dropbox.net/vk/eligendi.mp3',1847389,'{\"owner\": \"Lukas Cummings\"}',3,'2020-11-15 05:53:32','2020-11-25 19:51:05'),(18,76,'https://dropbox.net/vk/nulla.avi',560535722,'{\"owner\": \"Irma Hahn\"}',2,'2014-11-17 19:53:05','2020-11-25 19:51:05'),(19,92,'https://dropbox.net/vk/quaerat.png',99154946,'{\"owner\": \"Ari Carter\"}',3,'2011-08-13 21:53:26','2020-11-25 19:51:05'),(20,70,'https://dropbox.net/vk/et.mp3',974846,'{\"owner\": \"Telly Collins\"}',2,'2011-03-23 02:34:33','2020-11-25 19:51:05'),(21,86,'https://dropbox.net/vk/sed.mp3',5262072,'{\"owner\": \"Savannah Jaskolski\"}',3,'2010-12-27 20:22:17','2020-11-25 19:51:05'),(22,71,'https://dropbox.net/vk/nobis.png',1739981,'{\"owner\": \"Daron Nicolas\"}',3,'2012-05-22 06:42:32','2020-11-25 19:51:05'),(23,52,'https://dropbox.net/vk/enim.mp3',1157737,'{\"owner\": \"Niko Kessler\"}',3,'2015-05-25 14:13:08','2020-11-25 19:51:05'),(24,79,'https://dropbox.net/vk/impedit.avi',1568741,'{\"owner\": \"Green Hammes\"}',3,'2015-02-11 13:19:39','2020-11-25 19:51:05'),(25,74,'https://dropbox.net/vk/occaecati.jpg',1370494,'{\"owner\": \"Greta Christiansen\"}',1,'2016-04-20 03:37:31','2020-11-25 19:51:05'),(26,76,'https://dropbox.net/vk/quisquam.avi',1146249,'{\"owner\": \"Irma Hahn\"}',3,'2020-09-12 08:05:48','2020-11-25 19:51:05'),(27,46,'https://dropbox.net/vk/consequatur.mp3',15901629,'{\"owner\": \"Mckenna Feest\"}',2,'2020-04-17 14:48:40','2020-11-25 19:51:05'),(28,7,'https://dropbox.net/vk/deleniti.avi',1619763,'{\"owner\": \"Abdul Renner\"}',3,'2017-03-19 07:48:38','2020-11-25 19:51:05'),(29,87,'https://dropbox.net/vk/tenetur.jpg',97266,'{\"owner\": \"Eugene Cole\"}',3,'2012-03-21 13:31:31','2020-11-25 19:51:05'),(30,91,'https://dropbox.net/vk/numquam.jpg',98018,'{\"owner\": \"Lee Predovic\"}',3,'2015-12-11 21:23:22','2020-11-25 19:51:05'),(31,10,'https://dropbox.net/vk/ut.png',879926,'{\"owner\": \"Broderick Hickle\"}',1,'2019-04-26 04:13:42','2020-11-25 19:51:05'),(32,89,'https://dropbox.net/vk/culpa.mp3',85718605,'{\"owner\": \"Jabari Steuber\"}',2,'2016-12-31 15:22:16','2020-11-25 19:51:05'),(33,10,'https://dropbox.net/vk/est.jpg',10583,'{\"owner\": \"Broderick Hickle\"}',2,'2014-12-26 05:20:27','2020-11-25 19:51:05'),(34,9,'https://dropbox.net/vk/voluptatem.mp3',1660069,'{\"owner\": \"Bernice Sporer\"}',1,'2016-11-28 05:47:41','2020-11-25 19:51:05'),(35,42,'https://dropbox.net/vk/quasi.jpg',36183,'{\"owner\": \"Gaylord Rutherford\"}',3,'2017-11-04 12:36:45','2020-11-25 19:51:05'),(36,53,'https://dropbox.net/vk/quidem.mp3',52560114,'{\"owner\": \"Maximillian Adams\"}',1,'2015-10-11 06:51:54','2020-11-25 19:51:05'),(37,57,'https://dropbox.net/vk/aut.png',319981,'{\"owner\": \"Arlene Gorczany\"}',1,'2010-12-09 01:52:16','2020-11-25 19:51:05'),(38,5,'https://dropbox.net/vk/non.avi',1441055,'{\"owner\": \"Quinn Welch\"}',1,'2013-10-20 17:40:22','2020-11-25 19:51:05'),(39,100,'https://dropbox.net/vk/deserunt.mp3',1225071,'{\"owner\": \"Petra Hodkiewicz\"}',3,'2017-08-22 23:09:26','2020-11-25 19:51:05'),(40,90,'https://dropbox.net/vk/ducimus.avi',1802191,'{\"owner\": \"Meagan McCullough\"}',3,'2019-12-07 17:19:45','2020-11-25 19:51:05'),(41,2,'https://dropbox.net/vk/reprehenderit.png',1335741,'{\"owner\": \"Bert Block\"}',2,'2017-09-17 20:24:37','2020-11-25 19:51:05'),(42,62,'https://dropbox.net/vk/in.avi',1272133,'{\"owner\": \"Elmira Tremblay\"}',2,'2015-10-08 23:50:55','2020-11-25 19:51:05'),(43,99,'https://dropbox.net/vk/omnis.avi',2977503,'{\"owner\": \"Suzanne Ebert\"}',3,'2017-05-24 23:36:43','2020-11-25 19:51:05'),(44,41,'https://dropbox.net/vk/voluptate.avi',1353443,'{\"owner\": \"Davon Paucek\"}',3,'2011-02-08 00:04:42','2020-11-25 19:51:05'),(45,48,'https://dropbox.net/vk/quos.png',2844885,'{\"owner\": \"Aiden Cassin\"}',1,'2017-06-20 03:54:20','2020-11-25 19:51:05'),(46,70,'https://dropbox.net/vk/maxime.avi',1950817,'{\"owner\": \"Telly Collins\"}',2,'2016-06-12 17:10:09','2020-11-25 19:51:05'),(47,58,'https://dropbox.net/vk/aut.png',1693758,'{\"owner\": \"Lukas Cummings\"}',2,'2013-07-16 14:01:39','2020-11-25 19:51:05'),(48,23,'https://dropbox.net/vk/voluptates.png',1616336,'{\"owner\": \"Dolly Vandervort\"}',3,'2015-08-01 14:14:22','2020-11-25 19:51:05'),(49,22,'https://dropbox.net/vk/facilis.mp3',1000409,'{\"owner\": \"Lee Wiegand\"}',1,'2019-06-21 07:11:43','2020-11-25 19:51:05'),(50,68,'https://dropbox.net/vk/possimus.png',1153037,'{\"owner\": \"Gerardo Shanahan\"}',2,'2015-08-26 23:58:30','2020-11-25 19:51:05'),(51,10,'https://dropbox.net/vk/eum.png',2335854,'{\"owner\": \"Broderick Hickle\"}',1,'2017-11-16 09:29:22','2020-11-25 19:51:05'),(52,90,'https://dropbox.net/vk/accusantium.mp3',99070166,'{\"owner\": \"Meagan McCullough\"}',2,'2017-07-02 10:11:57','2020-11-25 19:51:05'),(53,44,'https://dropbox.net/vk/sapiente.png',1763961,'{\"owner\": \"Jalon Wintheiser\"}',3,'2011-01-27 02:10:30','2020-11-25 19:51:05'),(54,74,'https://dropbox.net/vk/laboriosam.jpg',1360691,'{\"owner\": \"Greta Christiansen\"}',2,'2014-04-19 02:20:55','2020-11-25 19:51:05'),(55,78,'https://dropbox.net/vk/neque.mp3',1511572,'{\"owner\": \"Roslyn Lemke\"}',2,'2013-07-19 20:09:03','2020-11-25 19:51:05'),(56,15,'https://dropbox.net/vk/ut.avi',58702900,'{\"owner\": \"Jack Anderson\"}',3,'2012-05-24 23:14:03','2020-11-25 19:51:05'),(57,29,'https://dropbox.net/vk/id.avi',75219522,'{\"owner\": \"Pete Emmerich\"}',3,'2015-12-31 07:55:11','2020-11-25 19:51:05'),(58,26,'https://dropbox.net/vk/saepe.png',1475788,'{\"owner\": \"Anissa Bahringer\"}',1,'2016-10-20 09:01:45','2020-11-25 19:51:05'),(59,44,'https://dropbox.net/vk/nobis.png',757397,'{\"owner\": \"Jalon Wintheiser\"}',2,'2012-05-10 17:43:25','2020-11-25 19:51:05'),(60,12,'https://dropbox.net/vk/et.png',234573616,'{\"owner\": \"Kianna Lockman\"}',3,'2013-05-25 05:16:19','2020-11-25 19:51:05'),(61,99,'https://dropbox.net/vk/enim.avi',1844227,'{\"owner\": \"Suzanne Ebert\"}',3,'2020-04-19 11:54:21','2020-11-25 19:51:05'),(62,48,'https://dropbox.net/vk/atque.png',1793770,'{\"owner\": \"Aiden Cassin\"}',2,'2019-11-03 02:49:23','2020-11-25 19:51:05'),(63,40,'https://dropbox.net/vk/cumque.png',940993,'{\"owner\": \"Arielle Gusikowski\"}',3,'2011-04-16 13:49:00','2020-11-25 19:51:05'),(64,23,'https://dropbox.net/vk/tempore.jpg',1436168,'{\"owner\": \"Dolly Vandervort\"}',2,'2014-03-17 12:20:43','2020-11-25 19:51:05'),(65,2,'https://dropbox.net/vk/ducimus.mp3',1799530,'{\"owner\": \"Bert Block\"}',3,'2018-06-19 06:06:44','2020-11-25 19:51:05'),(66,24,'https://dropbox.net/vk/saepe.avi',1689147,'{\"owner\": \"Lionel Cormier\"}',1,'2015-03-12 06:31:53','2020-11-25 19:51:05'),(67,11,'https://dropbox.net/vk/dolorem.png',1047144,'{\"owner\": \"Celestino Batz\"}',1,'2011-07-10 11:58:24','2020-11-25 19:51:05'),(68,77,'https://dropbox.net/vk/qui.png',1168281,'{\"owner\": \"Jo Schaden\"}',2,'2012-04-01 10:28:40','2020-11-25 19:51:05'),(69,8,'https://dropbox.net/vk/quod.jpg',52386,'{\"owner\": \"Kristopher Pfeffer\"}',2,'2013-03-03 02:36:37','2020-11-25 19:51:05'),(70,96,'https://dropbox.net/vk/saepe.mp3',35220,'{\"owner\": \"Cecile Cummings\"}',3,'2015-12-25 04:33:51','2020-11-25 19:51:05'),(71,14,'https://dropbox.net/vk/nam.png',1699972,'{\"owner\": \"Tressa Blanda\"}',1,'2020-06-29 06:15:34','2020-11-25 19:51:05'),(72,64,'https://dropbox.net/vk/blanditiis.png',1995017,'{\"owner\": \"Christop Rath\"}',2,'2013-10-25 16:23:02','2020-11-25 19:51:05'),(73,87,'https://dropbox.net/vk/tenetur.jpg',559712487,'{\"owner\": \"Eugene Cole\"}',3,'2019-01-09 17:06:23','2020-11-25 19:51:05'),(74,69,'https://dropbox.net/vk/labore.avi',14620429,'{\"owner\": \"Willard Mitchell\"}',1,'2014-09-14 22:12:26','2020-11-25 19:51:05'),(75,56,'https://dropbox.net/vk/et.mp3',1875169,'{\"owner\": \"Jessica Kunze\"}',3,'2011-08-30 10:59:08','2020-11-25 19:51:05'),(76,22,'https://dropbox.net/vk/veritatis.avi',1777304,'{\"owner\": \"Lee Wiegand\"}',2,'2014-10-16 19:11:43','2020-11-25 19:51:05'),(77,63,'https://dropbox.net/vk/excepturi.png',29953239,'{\"owner\": \"Kasey Donnelly\"}',3,'2012-05-08 10:19:19','2020-11-25 19:51:05'),(78,9,'https://dropbox.net/vk/a.png',8944511,'{\"owner\": \"Bernice Sporer\"}',1,'2011-06-14 13:07:28','2020-11-25 19:51:05'),(79,40,'https://dropbox.net/vk/ut.jpg',966098628,'{\"owner\": \"Arielle Gusikowski\"}',1,'2019-05-09 14:23:49','2020-11-25 19:51:05'),(80,63,'https://dropbox.net/vk/ut.png',1390794,'{\"owner\": \"Kasey Donnelly\"}',2,'2020-08-22 21:35:33','2020-11-25 19:51:05'),(81,22,'https://dropbox.net/vk/ratione.mp3',764344,'{\"owner\": \"Lee Wiegand\"}',3,'2017-10-13 10:30:24','2020-11-25 19:51:05'),(82,52,'https://dropbox.net/vk/repellendus.mp3',598120502,'{\"owner\": \"Niko Kessler\"}',1,'2018-12-12 20:42:29','2020-11-25 19:51:05'),(83,100,'https://dropbox.net/vk/consequatur.avi',1328466,'{\"owner\": \"Petra Hodkiewicz\"}',1,'2017-07-06 00:09:23','2020-11-25 19:51:05'),(84,86,'https://dropbox.net/vk/qui.png',256353,'{\"owner\": \"Savannah Jaskolski\"}',1,'2011-11-26 00:29:25','2020-11-25 19:51:05'),(85,79,'https://dropbox.net/vk/quas.mp3',51501210,'{\"owner\": \"Green Hammes\"}',3,'2018-10-27 02:56:01','2020-11-25 19:51:05'),(86,92,'https://dropbox.net/vk/esse.png',54025412,'{\"owner\": \"Ari Carter\"}',3,'2020-05-03 21:41:41','2020-11-25 19:51:05'),(87,93,'https://dropbox.net/vk/ab.png',1469947,'{\"owner\": \"Gilbert Ankunding\"}',2,'2012-08-10 08:35:00','2020-11-25 19:51:05'),(88,34,'https://dropbox.net/vk/qui.mp3',1364339,'{\"owner\": \"Adella Bechtelar\"}',3,'2014-05-11 04:37:37','2020-11-25 19:51:05'),(89,44,'https://dropbox.net/vk/laborum.png',1411854,'{\"owner\": \"Jalon Wintheiser\"}',1,'2016-05-27 21:27:40','2020-11-25 19:51:05'),(90,10,'https://dropbox.net/vk/voluptatibus.jpg',1966251,'{\"owner\": \"Broderick Hickle\"}',3,'2013-05-21 11:00:22','2020-11-25 19:51:05'),(91,84,'https://dropbox.net/vk/aperiam.jpg',1595697,'{\"owner\": \"Noelia Hagenes\"}',1,'2017-12-22 11:40:40','2020-11-25 19:51:05'),(92,52,'https://dropbox.net/vk/praesentium.png',8022901,'{\"owner\": \"Niko Kessler\"}',2,'2017-08-18 10:00:36','2020-11-25 19:51:05'),(93,1,'https://dropbox.net/vk/a.png',1079731,'{\"owner\": \"Maybelle Dickens\"}',2,'2012-04-29 07:48:19','2020-11-25 19:51:05'),(94,48,'https://dropbox.net/vk/ea.png',821701,'{\"owner\": \"Aiden Cassin\"}',2,'2015-06-24 11:11:10','2020-11-25 19:51:05'),(95,92,'https://dropbox.net/vk/porro.png',1611565,'{\"owner\": \"Ari Carter\"}',1,'2015-09-13 09:05:50','2020-11-25 19:51:05'),(96,81,'https://dropbox.net/vk/tempore.avi',1818633,'{\"owner\": \"Amina Hane\"}',1,'2017-11-07 10:34:21','2020-11-25 19:51:05'),(97,96,'https://dropbox.net/vk/aut.jpg',526432,'{\"owner\": \"Cecile Cummings\"}',1,'2018-08-05 18:13:53','2020-11-25 19:51:05'),(98,46,'https://dropbox.net/vk/ea.mp3',1258472,'{\"owner\": \"Mckenna Feest\"}',3,'2016-04-27 14:50:04','2020-11-25 19:51:05'),(99,60,'https://dropbox.net/vk/ut.png',976715716,'{\"owner\": \"Halle Gottlieb\"}',1,'2016-01-02 00:15:31','2020-11-25 19:51:05'),(100,1,'https://dropbox.net/vk/consequatur.jpg',494532312,'{\"owner\": \"Maybelle Dickens\"}',2,'2012-06-01 13:40:59','2020-11-25 19:51:05');
/*!40000 ALTER TABLE `media` ENABLE KEYS */;
UNLOCK TABLES;

--
-- Table structure for table `media_types`
--

DROP TABLE IF EXISTS `media_types`;
/*!40101 SET @saved_cs_client     = @@character_set_client */;
/*!40101 SET character_set_client = utf8 */;
CREATE TABLE `media_types` (
  `id` bigint unsigned NOT NULL AUTO_INCREMENT,
  `name` varchar(255) CHARACTER SET utf8 COLLATE utf8_unicode_ci NOT NULL,
  `created_at` datetime DEFAULT CURRENT_TIMESTAMP,
  `updated_at` datetime DEFAULT CURRENT_TIMESTAMP ON UPDATE CURRENT_TIMESTAMP,
  PRIMARY KEY (`id`),
  UNIQUE KEY `name` (`name`)
) ENGINE=InnoDB AUTO_INCREMENT=4 DEFAULT CHARSET=utf8 COLLATE=utf8_unicode_ci;
/*!40101 SET character_set_client = @saved_cs_client */;

--
-- Dumping data for table `media_types`
--

LOCK TABLES `media_types` WRITE;
/*!40000 ALTER TABLE `media_types` DISABLE KEYS */;
INSERT INTO `media_types` VALUES (1,'audio','2020-11-25 19:37:55','2020-11-25 19:37:57'),(2,'image','2020-11-25 19:37:55','2020-11-25 19:37:57'),(3,'video','2020-11-25 19:37:55','2020-11-25 19:37:57');
/*!40000 ALTER TABLE `media_types` ENABLE KEYS */;
UNLOCK TABLES;

--
-- Table structure for table `messages`
--

DROP TABLE IF EXISTS `messages`;
/*!40101 SET @saved_cs_client     = @@character_set_client */;
/*!40101 SET character_set_client = utf8 */;
CREATE TABLE `messages` (
  `id` bigint unsigned NOT NULL AUTO_INCREMENT,
  `from_user_id` int unsigned NOT NULL,
  `to_user_id` int unsigned NOT NULL,
  `body` text CHARACTER SET utf8 COLLATE utf8_unicode_ci NOT NULL,
  `is_important` tinyint(1) DEFAULT NULL,
  `is_delivered` tinyint(1) DEFAULT NULL,
  `created_at` datetime DEFAULT CURRENT_TIMESTAMP,
  `updated_at` datetime DEFAULT CURRENT_TIMESTAMP ON UPDATE CURRENT_TIMESTAMP,
  PRIMARY KEY (`id`)
) ENGINE=InnoDB AUTO_INCREMENT=301 DEFAULT CHARSET=utf8 COLLATE=utf8_unicode_ci;
/*!40101 SET character_set_client = @saved_cs_client */;

--
-- Dumping data for table `messages`
--

LOCK TABLES `messages` WRITE;
/*!40000 ALTER TABLE `messages` DISABLE KEYS */;
INSERT INTO `messages` VALUES (1,3,35,'Quisquam soluta consectetur ad rerum hic eos. Ut natus corrupti atque optio perferendis. Illo sit ut corrupti aut ut aut illo.',0,1,'2015-02-19 07:54:04','2020-11-25 19:31:09'),(2,59,42,'Voluptas unde voluptas tempore in qui dicta. Minima maxime facilis dignissimos tenetur voluptate. Explicabo consequuntur quam inventore omnis tempora. Possimus incidunt suscipit quas veniam in veniam rem. Cumque nesciunt quibusdam est earum.',1,1,'2011-06-24 14:57:07','2020-06-26 07:29:27'),(3,45,9,'Recusandae labore optio ut natus tenetur sit dolorem. Sunt et ullam voluptatem autem. Doloremque omnis enim quo corporis voluptas corporis aut assumenda.',0,1,'2013-02-17 13:57:25','2017-12-31 07:16:14'),(4,48,21,'Est nam doloribus eius cupiditate eius. Deserunt fugit voluptas odio exercitationem explicabo eum consectetur aut. Dolorem distinctio nobis quod numquam ducimus.',1,1,'2012-09-06 10:03:38','2015-04-22 20:57:26'),(5,99,100,'Ea voluptatem accusamus ut similique sed. Molestias quis natus et. Libero occaecati tempora impedit. Praesentium velit saepe magnam sit.',1,1,'2018-05-20 01:21:39','2020-11-25 19:31:09'),(6,53,3,'Vitae nostrum minus modi accusamus repudiandae tempore deserunt quia. Sed quas temporibus debitis qui mollitia non numquam. Quo cupiditate recusandae nemo facilis sint aut dolore.',0,1,'2015-08-12 01:59:08','2016-06-04 09:53:26'),(7,17,45,'Officiis culpa eaque ipsum eveniet accusantium repellat in enim. Blanditiis nulla quia nihil incidunt voluptas. Eos est suscipit magnam quasi. Quo totam eaque minus ea quo dolorem consequuntur.',0,1,'2011-03-29 09:43:07','2014-01-22 04:19:03'),(8,93,38,'Consectetur rerum commodi corporis consequatur facere eum aut. Accusantium qui sit harum ut. Accusamus porro quae est deleniti repudiandae amet. Quia quia aut qui necessitatibus odit.',1,1,'2010-12-22 10:15:25','2016-07-03 07:35:46'),(9,29,51,'Velit consequuntur voluptatem et perferendis aut mollitia. Aspernatur non temporibus hic qui qui eligendi. Delectus soluta reprehenderit sed hic enim quia. Atque quia doloremque ea.',0,1,'2018-08-16 18:08:00','2020-02-23 12:07:45'),(10,72,58,'Sunt in et aut in blanditiis. Hic eos sunt eveniet sit quia sit delectus. Odit natus iusto impedit et nobis aliquam. Et esse aut ea illum enim ratione.',1,1,'2013-06-27 08:15:21','2017-02-25 01:58:22'),(11,94,16,'Voluptatem ea tenetur qui sed beatae et. Nostrum ad et corporis totam aliquam. Quis porro nam et minima maxime in. Perferendis accusantium vitae adipisci sed exercitationem sit magni ut. Exercitationem qui minima ea deserunt ab.',0,1,'2017-03-05 20:58:09','2020-11-25 19:31:09'),(12,17,28,'Qui eveniet aut iure odio. Ipsam dolores neque aperiam molestiae et quibusdam eaque. Voluptatibus hic occaecati error dolore et. Ullam et est quae incidunt magni in voluptas.',1,1,'2017-09-09 18:58:17','2020-11-25 19:31:09'),(13,21,74,'Voluptatum autem dicta maxime laudantium ullam placeat qui. Corporis ut impedit aut sit. Assumenda aperiam fugit voluptatum officia nulla quas qui. Est blanditiis ipsam aspernatur aut at laudantium dolorem.',1,0,'2015-07-25 13:08:32','2020-11-25 19:31:09'),(14,55,69,'Quas nulla illo ut facere rerum distinctio. Quis asperiores reiciendis eveniet consequatur sapiente voluptate. Ipsa porro omnis sint neque qui sit facere culpa. Omnis nobis dolorum ratione nesciunt ipsam et est illo.',0,1,'2014-11-26 20:58:12','2015-04-04 13:52:03'),(15,63,25,'Et fugit corrupti dolor et aut libero et. Nemo eos dicta nesciunt maiores ab. Et vitae enim dolores.',0,0,'2015-03-24 21:04:08','2015-07-03 03:07:08'),(16,49,66,'A minima non sit. Deleniti minima ipsum fugiat aliquam quam saepe. Nemo dolores nemo ipsa iusto cupiditate.',1,1,'2015-08-31 09:47:00','2020-11-25 19:31:09'),(17,60,7,'Ea nihil necessitatibus perferendis debitis autem inventore omnis placeat. Ut necessitatibus odit quo maiores enim. Quos aut illo doloribus et ut veritatis. Et deleniti quos quis et. Aliquam reiciendis sed ut optio.',0,1,'2014-11-03 14:03:55','2018-08-23 17:10:07'),(18,7,4,'Repellat ea iure quos voluptas quisquam aspernatur. Ullam suscipit repellat quis ea voluptas praesentium. Est consequuntur qui nihil in numquam. Voluptatem mollitia suscipit quia eius dolorem facere placeat facere.',1,1,'2019-11-28 21:49:29','2020-11-25 19:31:09'),(19,16,55,'Eligendi optio nulla consequatur. Sunt quis quaerat in debitis similique veniam et. Reprehenderit quidem et dolorem minus.',1,1,'2015-07-25 10:54:09','2020-11-25 19:31:09'),(20,25,15,'Qui quod dolor sequi qui eaque necessitatibus. Ex nostrum consequatur est maiores harum. Odit neque debitis ab saepe asperiores ad.',1,1,'2013-08-09 02:20:45','2019-07-04 18:56:52'),(21,55,77,'Est nostrum quae sed. Aspernatur est voluptas accusantium dolor aut. Ut aut repellendus aliquid voluptatem.',0,1,'2017-12-01 07:51:00','2020-11-25 19:31:09'),(22,17,71,'Minus aut voluptas perspiciatis quibusdam nulla cupiditate omnis. Unde ipsa tenetur voluptas. Nostrum consectetur rerum aperiam hic. Vero velit repudiandae rerum. Culpa omnis suscipit voluptate sed hic.',1,1,'2018-08-23 19:11:34','2020-10-18 05:14:22'),(23,22,10,'Maxime non dolorem cumque ut aut vitae. Aut suscipit harum eos exercitationem id laboriosam fuga. Totam mollitia ipsa sed et adipisci. Fuga expedita amet sed blanditiis natus et harum.',1,1,'2015-01-28 12:07:56','2020-11-25 19:31:09'),(24,8,50,'Ex qui quis deserunt illo unde aut libero accusantium. Commodi id sunt tempora doloremque doloribus consequuntur ut. Dolor est voluptate reprehenderit sint tenetur est esse.',1,1,'2014-11-15 08:02:46','2020-02-07 10:37:42'),(25,60,80,'Maiores et aspernatur non molestiae. Officia qui saepe voluptas error distinctio veniam quasi. Adipisci praesentium quos repellat amet.',1,0,'2013-12-11 09:39:20','2020-11-25 19:31:09'),(26,7,54,'Tenetur totam voluptas quaerat. Aut illo pariatur qui qui sapiente voluptas. Ratione aut nemo maxime nesciunt ut voluptates corporis.',0,1,'2017-11-29 13:52:48','2020-11-25 19:31:09'),(27,96,23,'Deleniti ullam repudiandae debitis in vitae saepe molestiae. Maxime earum cum a repellat. Impedit quia consequatur sapiente ut similique dolores eius.',0,1,'2017-11-05 16:16:47','2020-11-25 19:31:09'),(28,82,16,'Facilis aut magni eaque cum consequatur a omnis sit. Pariatur optio ipsum aut voluptatem ducimus ut libero. Quasi est sapiente voluptas dolorem ex. Et asperiores repellat quo eum quae enim ab eaque.',0,1,'2011-04-29 12:27:33','2012-02-09 00:18:13'),(29,97,36,'Maxime ipsam occaecati deserunt. Est ipsa et vitae sed nisi deserunt est quia. Est aut rerum maxime perspiciatis expedita dolorem. Esse in sed pariatur porro quia dolorem et culpa.',0,1,'2012-01-22 18:48:50','2018-04-08 09:17:20'),(30,85,60,'Ea est repudiandae molestiae esse molestiae asperiores. Quae adipisci tempore et. Pariatur commodi nesciunt fugit aliquid eligendi blanditiis.',0,1,'2018-11-20 12:41:52','2018-11-21 08:06:59'),(31,61,33,'Minus temporibus consequatur vel beatae cum quas sed. Non sed culpa ex magnam. Cumque necessitatibus sapiente nam quo tempore odio. Nesciunt quisquam veniam corporis illo.',0,1,'2014-08-07 06:08:10','2018-06-17 06:42:28'),(32,25,20,'Nesciunt velit ut molestias est. Tempore in soluta cum laboriosam officia aut earum. Delectus architecto temporibus est vel consequatur autem. Tempore saepe veniam ad quia praesentium excepturi aut.',1,0,'2020-09-11 23:32:43','2020-11-25 19:31:09'),(33,40,32,'Quis itaque magni neque natus debitis voluptas aut. Cum fugit impedit qui tempore. Aliquam sint consequuntur maiores eum omnis.',1,0,'2014-07-12 09:03:51','2014-09-25 18:44:44'),(34,24,55,'Sint dolorem asperiores id sed ut et. Maxime hic deserunt omnis non. Ea sed in qui alias voluptas totam fugiat fugiat.',0,1,'2017-08-10 10:52:46','2020-11-25 19:31:09'),(35,87,48,'Illo facere et et hic iusto dolorem explicabo omnis. Sed ipsa autem magnam. Dolorum blanditiis possimus adipisci eligendi. Qui eum et et officia. Vel aperiam ea iusto qui non quo dolores est.',1,1,'2014-07-11 22:18:19','2017-12-28 14:56:07'),(36,70,41,'Saepe sint ut ex aliquam. Tempora laboriosam animi sit illum rerum atque. Aspernatur odio aut commodi voluptatem et voluptatem quia consequatur. At nisi ut non.',0,1,'2013-05-08 11:44:16','2020-11-25 19:31:09'),(37,25,87,'Architecto saepe eaque qui autem cupiditate vero fugit amet. Aut pariatur exercitationem perferendis dolor odit doloremque modi ducimus. Incidunt vel ut molestias quia neque exercitationem. Autem ut odio tenetur accusamus similique et voluptatem.',1,1,'2020-01-31 21:40:19','2020-10-15 05:23:39'),(38,12,46,'Quia et cum dolorem culpa omnis. Esse velit ducimus excepturi aut amet repudiandae. Consectetur dolor minus aperiam et neque autem pariatur.',1,1,'2015-12-28 02:50:14','2020-11-25 19:31:09'),(39,96,20,'Voluptas dolorem provident quia voluptatem in atque voluptas. Explicabo repellendus qui voluptatem non est. Nulla repudiandae libero molestiae et aut perspiciatis culpa. Quos qui ipsum neque omnis illo excepturi.',0,1,'2012-05-30 17:15:52','2013-10-08 00:21:57'),(40,96,55,'Magnam incidunt asperiores amet cumque harum error non. Et id veniam et suscipit similique voluptatum. Dolores laborum tempora molestiae qui aut ut. Aut quia inventore officiis accusantium.',1,0,'2019-08-19 01:55:26','2020-11-25 19:31:09'),(41,100,2,'Dolore et vel aspernatur provident enim perspiciatis nihil. Non ut aspernatur molestiae tempore. Laudantium quam nisi consequatur vel qui.',0,1,'2014-02-23 00:52:57','2020-11-04 02:09:14'),(42,9,95,'Excepturi ut magni in tempore aut. Et itaque velit rem et vero autem. Unde voluptatibus sit iusto nam quia qui magnam veniam. Voluptatem nemo quibusdam qui totam quia et.',0,0,'2011-05-16 17:08:09','2019-11-28 21:44:35'),(43,25,90,'Maxime debitis distinctio libero sunt corporis. Eos consequuntur aliquam hic molestiae et animi voluptate quo. Est nisi eveniet numquam. Nihil et omnis est odio molestias molestiae.',0,1,'2016-04-19 16:52:24','2020-08-11 21:31:27'),(44,11,22,'Et quas a dolore consequatur porro ut. Et sunt consectetur ipsum. Deleniti laborum ut incidunt non voluptates voluptas. Dolorem alias rerum velit explicabo.',1,1,'2017-10-01 11:10:56','2020-11-25 19:31:09'),(45,25,96,'Accusamus voluptas pariatur aspernatur qui laboriosam quia sunt. Voluptatem atque quasi nemo dolores voluptas magni voluptatem. Rem ut temporibus reprehenderit molestias. Explicabo deserunt error aperiam.',0,0,'2019-06-14 05:25:09','2020-11-25 19:31:09'),(46,82,86,'Doloremque vero id est odit culpa aspernatur. Rerum iusto praesentium assumenda. A ullam dolor aliquid occaecati ut.',1,1,'2018-05-03 22:05:09','2019-08-22 06:41:41'),(47,28,7,'Illum provident et officia quia est eaque. Numquam recusandae modi voluptatem. Et eum reprehenderit deleniti voluptatem.',0,1,'2012-12-13 16:23:31','2018-01-18 16:46:59'),(48,6,68,'Accusantium iste et dolore voluptate. Sed consequatur vel neque voluptas similique labore. Et itaque officiis ut in molestiae ad eaque. Assumenda ipsa omnis aut numquam quaerat.',1,0,'2011-08-01 22:43:53','2014-09-03 21:13:51'),(49,38,29,'Dolor natus ut nihil repellat culpa. Minima corrupti officia eveniet laudantium. Sit voluptatem rerum inventore architecto alias doloremque. Non sapiente est labore rerum aut eos.',0,1,'2020-01-17 14:00:07','2020-11-25 19:31:09'),(50,22,25,'Quo vel harum qui nam aut et saepe. Fugit qui exercitationem cumque tempore omnis quis. Quasi voluptatem qui eum eveniet officia accusamus.',0,0,'2020-08-24 00:17:55','2020-11-25 19:31:09'),(51,77,92,'Eveniet omnis magnam voluptatem eos. Optio eum perspiciatis eum eligendi dolorem ipsa quaerat eligendi. Asperiores repellendus distinctio numquam repellendus.',1,1,'2020-08-10 11:41:09','2020-11-25 19:31:09'),(52,65,2,'Est animi et aliquam earum ea odio sit. Placeat et placeat suscipit at. Et non qui nostrum iure. Mollitia non et commodi molestias facilis eaque.',0,1,'2011-09-02 02:22:26','2017-03-15 04:27:11'),(53,78,77,'Iste aut et accusantium in quam nihil. Porro hic fugiat saepe porro velit qui est. Voluptatem qui repellat aliquid ab unde.',1,1,'2017-10-10 12:51:00','2018-07-25 06:10:19'),(54,48,73,'Consequatur sed non iste necessitatibus sit voluptas accusamus rerum. Ratione sit ut in suscipit ducimus sapiente. Harum dolore unde voluptas non corporis voluptate et. Placeat accusamus neque deleniti aut dolores.',0,1,'2012-06-14 00:38:04','2020-11-25 19:31:09'),(55,96,43,'Sed assumenda tempora nisi similique sint rerum ea. At consequatur ipsam perspiciatis dolores autem eius. Praesentium enim dignissimos laudantium porro delectus nemo natus. Qui quia nulla et qui optio animi nemo.',0,0,'2017-07-10 18:24:04','2018-02-26 03:18:10'),(56,28,95,'Animi necessitatibus eius quibusdam dolorum quia minima. Et cupiditate temporibus voluptatem molestias veniam perferendis. Non mollitia esse culpa at.',0,1,'2019-08-11 23:49:34','2020-03-16 22:34:37'),(57,45,36,'Sit et aut suscipit et. Quis unde assumenda perferendis quo provident et at. Quo rem dolores quibusdam placeat voluptates et.',0,1,'2015-12-12 01:11:16','2020-11-25 19:31:09'),(58,90,70,'Et ad placeat nihil consequatur veritatis. Omnis dolores tempore earum nisi qui vero facilis similique. Temporibus reiciendis incidunt nobis voluptatibus.',1,1,'2010-12-29 09:30:53','2013-11-11 22:21:28'),(59,25,1,'Aut nobis et tempore fuga occaecati optio a. Ullam facere distinctio dolor dolores mollitia occaecati voluptas et. Aliquid fugit qui fugiat est sed.',1,0,'2016-03-30 23:03:04','2016-09-02 08:03:27'),(60,91,49,'Magnam voluptatem harum laboriosam dignissimos nihil assumenda. Soluta fuga tenetur eveniet libero. Cumque quia vel tenetur et nobis cumque reiciendis. Voluptate unde aut suscipit nihil.',1,1,'2015-09-28 05:01:06','2020-08-09 14:40:07'),(61,96,72,'Ipsam reprehenderit rerum sapiente et aut labore. Sed sapiente est repudiandae corporis esse. Corporis dolorum quo quos fugit qui veritatis assumenda.',0,1,'2015-11-15 10:42:11','2020-11-25 19:31:09'),(62,35,24,'Iure tempore quia eos incidunt vitae animi enim. Quia et pariatur expedita voluptatem. Non ducimus natus sit reiciendis qui.',0,1,'2012-10-11 06:07:23','2020-06-06 12:30:50'),(63,79,40,'Animi aut blanditiis nisi delectus. Omnis quibusdam qui voluptas recusandae id quidem.',1,1,'2014-04-04 11:49:17','2017-01-11 03:13:51'),(64,91,16,'Exercitationem occaecati autem cupiditate autem accusantium. Perspiciatis officia accusantium minus quidem. Sit minima odio maiores similique. Et id voluptatum eum.',0,1,'2012-06-08 00:27:00','2020-11-25 19:31:09'),(65,68,13,'Minima quo dignissimos autem quod dolores dolor. Aut enim quas explicabo modi aut optio. Id odio non illo sit optio eos autem reprehenderit. Consequatur similique atque sed et.',1,0,'2011-03-04 06:00:17','2018-09-26 20:53:02'),(66,41,45,'Dicta et dicta quis suscipit nostrum. Officiis eos neque quis. Qui impedit dignissimos ut quasi. Ex fugiat voluptas dolorem.',0,1,'2018-07-23 04:30:55','2020-11-25 19:31:09'),(67,4,6,'Ut harum labore quo fugiat veniam velit quis. Dignissimos eius nam qui voluptas nostrum qui magni consectetur. Aspernatur ea harum error quam. Qui sequi quia eveniet quod. Tempora voluptate eius est illum consectetur tempore dolores.',0,1,'2014-01-20 00:03:29','2020-11-25 19:31:09'),(68,46,81,'Quo assumenda neque nihil quis temporibus consequatur. Asperiores ipsum et numquam saepe sed nostrum numquam.',1,1,'2015-04-10 23:54:16','2020-08-18 00:31:10'),(69,82,94,'Laborum natus quo aut occaecati fugit totam. Totam expedita minima quisquam aut earum aspernatur est. Ut voluptatum quaerat architecto earum corrupti.',0,1,'2019-06-30 06:46:00','2020-11-25 19:31:09'),(70,53,78,'Natus fugit aut quos nostrum quo. Sunt et quibusdam beatae voluptas quisquam officiis praesentium. Aut iusto quia consequatur numquam similique accusantium. Quam consequatur accusamus hic veritatis rerum.',0,1,'2011-06-02 07:23:43','2018-08-02 15:59:04'),(71,36,80,'Suscipit tenetur rerum amet sit rem. Eum et iusto et. Expedita iure adipisci neque omnis.',1,0,'2018-03-01 20:53:11','2020-11-25 19:31:09'),(72,73,80,'Dignissimos aspernatur perspiciatis qui sed. Reiciendis quasi et iure aspernatur dolores. At est et nesciunt earum. Qui minus ut qui vel alias.',0,1,'2014-10-29 05:42:42','2020-11-25 19:31:09'),(73,15,63,'Vero et accusantium at id molestiae nulla quia. Expedita sunt unde nobis est iusto nobis ut. At officia harum aut natus voluptas excepturi sed possimus. Sint quia rerum deserunt nam. Rerum dolores ut voluptate eaque at sunt aut.',1,1,'2014-03-11 04:47:54','2019-12-27 11:47:37'),(74,49,39,'Hic est sed repudiandae. Quo ipsa id sunt cupiditate alias. Similique assumenda dolores labore velit sunt. Rerum minus voluptate molestiae.',0,1,'2017-07-17 12:20:24','2020-11-25 19:31:09'),(75,63,40,'Nemo ea cupiditate culpa sed harum velit. Ad sit iste suscipit sequi qui sint. Qui aliquid id itaque sequi. A dicta voluptatem rerum enim beatae aliquam qui.',0,1,'2013-07-02 15:40:39','2018-04-04 09:26:07'),(76,88,59,'Est voluptatem officiis ratione impedit sit totam. Hic dolores aut aperiam omnis molestias delectus ratione debitis.',0,0,'2014-02-15 15:51:38','2020-08-12 15:47:46'),(77,12,23,'Occaecati consequuntur rem enim beatae laboriosam. Qui et voluptas deserunt modi magnam illo voluptatem. Est ipsam nisi ea inventore.',1,1,'2011-11-09 18:10:02','2017-06-10 08:03:22'),(78,82,90,'Veniam quae sed placeat ex voluptas. Officia accusantium dolores esse rerum. Consequatur ratione ullam ad possimus quo.',1,0,'2018-09-12 13:05:00','2020-11-25 19:31:09'),(79,62,73,'Eveniet nulla sequi nesciunt dolor ea ipsa. Doloribus dolorem exercitationem optio ut est numquam minima. Vel facilis molestias quis fuga at. Id delectus accusamus odio perferendis dolorem dolorem labore distinctio.',1,1,'2013-12-18 08:28:25','2014-05-18 14:34:11'),(80,6,30,'Qui expedita ut occaecati aspernatur. Aspernatur nihil nihil dolore quam praesentium optio. Et aliquam cum similique et et nobis eos.',1,0,'2018-08-21 08:59:36','2020-11-25 19:31:09'),(81,85,46,'Est sequi consequatur sit dolorum aut dolores. Ad aut fugiat voluptatem. Quas debitis delectus tempora commodi blanditiis.',0,1,'2019-12-30 17:14:38','2020-11-25 19:31:09'),(82,74,89,'Et non maiores enim ut et. Voluptatem vitae illo omnis animi dolores voluptatibus illum.',0,1,'2020-03-09 07:21:13','2020-11-25 19:31:09'),(83,51,20,'Laborum magnam et sint possimus quia aut error eum. Rerum ullam quisquam et tempora nam quas enim. Et reiciendis a porro laudantium omnis. Ut et provident repudiandae aut.',1,1,'2011-05-30 19:49:50','2012-01-14 05:43:38'),(84,69,33,'Nihil et placeat molestias magni blanditiis nisi harum qui. Omnis enim incidunt ea maxime dolore corrupti placeat. Asperiores ut voluptatem ut nulla aut. Omnis tenetur eos voluptate architecto eligendi.',0,1,'2012-10-22 23:50:14','2020-11-25 19:31:09'),(85,13,22,'Ut ad consequatur dignissimos minima commodi. Dolor recusandae ratione et ut praesentium ex eius. Voluptates iusto et inventore repellendus autem ut et. Deserunt sit cum ab ab.',1,1,'2013-04-17 22:28:16','2020-11-25 19:31:09'),(86,11,49,'Ut in ad non aut est consequatur. Eum facere sit enim voluptatem voluptate. Officia harum porro aliquid. Expedita rerum repellat nemo.',0,1,'2017-05-22 08:15:52','2020-11-25 19:31:09'),(87,2,83,'Est velit aliquam qui occaecati. Vero suscipit alias modi ut occaecati. Sit deserunt laudantium eos fugiat et inventore fugit. Quisquam perferendis at assumenda officiis. Quia vitae in sed et eos eos numquam.',1,1,'2014-03-06 23:53:30','2020-11-25 19:31:09'),(88,28,17,'Numquam quibusdam nemo voluptatibus vel debitis eum. Aut quod omnis quae laboriosam. Est et excepturi voluptatem laborum debitis molestiae.',1,0,'2012-02-20 18:05:46','2014-12-30 22:03:00'),(89,46,77,'Id voluptas consequuntur autem odio necessitatibus. Accusamus ut illum in. Quia voluptas aut ipsam necessitatibus suscipit. Est qui pariatur voluptate et consequatur.',0,1,'2019-07-23 08:26:18','2020-11-25 19:31:09'),(90,56,8,'Ut rem non ut quisquam quibusdam odit. Iure recusandae nihil minus sapiente possimus. Voluptatem consequatur qui esse maiores ut deleniti quaerat cum.',1,1,'2015-01-10 21:48:47','2020-02-02 23:03:31'),(91,16,43,'Optio dolor ad officia qui dolores. Inventore nihil sit et nesciunt ducimus eum. Distinctio voluptas dolores ut qui labore. Minus possimus qui a illo quia commodi vero.',1,1,'2013-10-25 00:04:47','2015-01-10 18:53:22'),(92,67,27,'Laboriosam aliquam alias quos rem. Quia voluptatum quo non veritatis. Delectus et veritatis nemo tenetur alias commodi ipsa.',1,1,'2011-05-08 03:37:13','2012-07-21 23:24:46'),(93,65,48,'Voluptatibus vero nihil fugiat fuga sit similique. Quia officiis consequatur ipsam dolore aut possimus. Est eligendi dolor id sed. Magni saepe qui enim omnis voluptatem officiis.',1,1,'2017-06-15 20:42:17','2020-11-25 19:31:09'),(94,16,27,'Fuga quam velit est blanditiis eius vel omnis. Explicabo incidunt non similique dolores dolores. Ea sit fuga similique ut.',0,0,'2016-04-14 01:55:37','2018-03-14 12:26:36'),(95,21,22,'Aut illum qui qui voluptate. Nisi odio sint non autem ut. Non optio sed eos eos necessitatibus.',0,1,'2014-04-18 14:30:39','2016-07-17 08:19:43'),(96,56,5,'Rerum aliquid culpa atque magnam est. Ea aliquam ut repellat eligendi id. Ut minima fugit debitis qui consequatur.',1,1,'2019-11-09 14:45:01','2020-11-25 19:31:09'),(97,67,30,'Nobis sed est ipsum mollitia et eaque. Quia molestiae expedita id dolor dignissimos. Autem nemo aliquid minus minus.',1,1,'2017-03-27 09:41:58','2020-11-25 19:31:09'),(98,94,18,'Et provident error nam quo. Aut sequi ut illum consequatur laborum beatae quo. Quis dicta sit et nisi temporibus tempore quaerat autem. Ipsa quo tempora est qui vel tenetur officia. Dolorem molestias ducimus velit eum explicabo.',0,1,'2019-04-07 02:50:56','2019-12-03 02:57:40'),(99,49,62,'Qui nesciunt doloremque beatae aut omnis praesentium quos. Ut animi commodi eligendi optio voluptatum culpa. Suscipit quae et incidunt tempore nulla sed illo. Omnis quis odio velit aut et.',1,1,'2018-07-11 16:31:59','2020-11-25 19:31:09'),(100,51,62,'Voluptates dolorem porro rerum eum quo placeat quo. Facilis qui autem rem et.',0,1,'2015-10-03 00:25:55','2020-11-25 19:31:09'),(101,84,61,'Rem sunt repellendus corrupti nobis ipsam eveniet. Cum repellendus blanditiis veritatis qui iusto sint hic. Sit necessitatibus quae hic sequi.',0,1,'2017-06-23 20:45:27','2020-11-25 19:31:09'),(102,10,85,'Debitis excepturi esse repellat cumque ipsam sunt. Enim culpa dolores perspiciatis voluptas exercitationem eos consequatur iste. Quis in neque rerum necessitatibus veritatis et voluptatem vel. Ipsum temporibus placeat fugiat.',1,1,'2016-01-01 23:45:59','2019-11-30 06:20:04'),(103,44,38,'Occaecati repellat quis qui totam ut excepturi. Dolor neque dolorem incidunt. Cumque maxime nostrum facere quibusdam voluptatem itaque.',0,1,'2012-11-12 00:58:12','2020-11-25 19:31:09'),(104,1,89,'Labore quo ut assumenda quos quo quam ipsa. Et et incidunt rem accusamus quia. Facilis impedit commodi enim rerum. Atque commodi voluptas possimus rerum.',1,1,'2017-03-17 10:19:20','2017-06-23 18:34:04'),(105,14,56,'Doloribus blanditiis eius incidunt accusamus laboriosam voluptates tenetur. Repellat eligendi quisquam quos autem rem quia mollitia sit.',1,1,'2013-03-16 15:52:44','2020-11-25 19:31:09'),(106,96,30,'Quos est rem vero assumenda eaque. Voluptatibus perspiciatis quasi odio architecto.',1,1,'2010-12-17 04:17:05','2013-03-17 13:17:57'),(107,99,62,'Id non eaque et non velit aut deleniti. Enim illo eum laudantium. Quidem quod dolore sapiente sed molestiae magni. Nisi in voluptate provident voluptatum dolorem odio tempore.',1,1,'2016-03-14 20:42:57','2020-11-25 19:31:09'),(108,57,64,'Sit ut voluptatem esse qui. Incidunt ratione eum et omnis magnam quisquam. Alias cum quia est dolor. Porro sit voluptates aut deleniti est nisi. Dolor necessitatibus eum officiis eum totam voluptatem saepe.',0,1,'2014-08-26 21:52:49','2020-04-03 20:59:04'),(109,10,73,'Quas et dolores hic et. Est sequi minus reprehenderit magnam nisi. Explicabo quos neque harum in qui. Esse veritatis eum enim optio perferendis sit.',1,0,'2020-11-21 05:18:31','2020-11-25 19:31:09'),(110,90,30,'Quis ut laborum ut recusandae rerum. Eaque a ea repellat quam. Dolores quia nostrum ratione quas reiciendis recusandae ut. Possimus illum aut voluptatem molestias eaque recusandae exercitationem sint.',1,1,'2019-09-29 05:10:56','2020-11-25 19:31:09'),(111,94,46,'Ipsum eius explicabo et possimus facere earum. Vitae vitae eum quod similique ipsa non sapiente optio. Labore dolorem ullam alias a. Laborum quasi est necessitatibus amet est molestias a.',1,1,'2016-03-25 12:59:43','2017-08-09 07:11:44'),(112,35,61,'Animi quaerat perferendis quia voluptatum cupiditate impedit quos. Voluptatibus aperiam voluptatem dolor sit soluta quasi. Quia molestias neque exercitationem eius et commodi. Saepe sit esse tenetur iusto enim et.',1,1,'2014-05-07 03:00:14','2020-05-03 01:15:59'),(113,75,28,'Aut voluptatem omnis ab eos blanditiis molestiae. Culpa corrupti dolore totam et. Dolores quam mollitia dolores minus. Architecto expedita voluptas accusamus repudiandae non tempore voluptas. Facere blanditiis aliquam ut nesciunt facilis inventore explicabo.',1,0,'2017-08-05 22:40:30','2020-11-25 19:31:09'),(114,78,24,'Accusantium adipisci quasi magni aspernatur. Architecto modi accusantium qui cumque sit. Voluptas laborum officiis praesentium pariatur et quia. Numquam qui et quibusdam qui autem ducimus. Est voluptatibus praesentium eos voluptates.',1,1,'2012-04-20 08:12:58','2015-10-19 07:22:36'),(115,90,28,'Aut est ducimus quisquam similique fuga sunt eaque nam. Est quasi repellat non occaecati. Eius ut consequatur consequuntur qui qui odio. Omnis voluptas accusantium ut nulla recusandae.',1,0,'2013-01-24 01:31:38','2017-12-12 05:11:14'),(116,85,73,'Aut est adipisci veniam quam. Ipsa nisi quia omnis ut.',0,0,'2011-02-18 19:27:43','2013-07-10 04:35:46'),(117,89,95,'Et non perferendis ratione dolor hic. Pariatur excepturi qui odit. Pariatur eaque sapiente aspernatur pariatur ea perspiciatis sed. Dolorum quia aperiam occaecati eveniet aut nulla.',1,1,'2019-10-20 23:43:43','2020-11-25 19:31:09'),(118,58,32,'Qui cum et enim saepe saepe accusantium unde. Molestiae non facilis sit doloremque ea in quo. Cumque provident accusamus ipsa tempora. Nihil aperiam exercitationem voluptate tempore repellendus explicabo. Dolorem voluptatum culpa non itaque blanditiis.',0,1,'2019-12-18 00:29:36','2020-11-25 19:31:09'),(119,33,59,'Accusantium autem esse et natus. Harum dolorem possimus magnam tempore dolorem laboriosam impedit. Laborum eos cum nihil. Et sed possimus aut eos numquam.',0,1,'2016-02-20 22:36:19','2017-01-21 00:35:22'),(120,20,46,'Saepe aut officia ea ratione rerum repellendus consequuntur. Sed sed quis aut consequatur quia. Voluptatem in ut aut. Inventore inventore est rerum iure.',0,1,'2012-11-13 00:25:24','2020-11-25 19:31:09'),(121,14,16,'Tempore veniam eum inventore est magni magnam quia. Nihil et occaecati minima non impedit. Aut voluptatibus et enim sit ipsum.',0,1,'2010-12-28 02:45:46','2020-01-07 08:34:07'),(122,76,13,'Facilis minima dignissimos ea autem optio aliquid. Natus consequatur quis pariatur quo qui aut. Quia aut blanditiis aut cum adipisci voluptatem.',0,1,'2012-06-27 21:18:04','2020-11-25 19:31:09'),(123,78,32,'Quis ut soluta velit facere. Aut libero illo quia tempora. Culpa laboriosam assumenda officia ea et sit laborum impedit. Ea quasi repellendus cumque et omnis commodi.',0,0,'2013-07-01 16:16:35','2015-12-18 01:18:24'),(124,77,88,'Tempore non culpa amet dolores. A ad amet et ea iste. Est molestiae minus eum. Nam recusandae assumenda ut et.',1,0,'2011-05-17 10:12:04','2013-11-25 11:41:03'),(125,5,66,'Incidunt et ex aut optio quis. Tempora voluptatem corporis soluta et. Aspernatur maxime dolorem quo.',1,0,'2012-08-31 15:23:27','2016-12-06 18:49:43'),(126,17,98,'Nostrum voluptatem fugiat ipsa odio eaque animi numquam. Dicta qui aut temporibus voluptas ut ipsa aperiam.',0,1,'2018-08-02 19:04:10','2020-11-25 19:31:09'),(127,12,52,'Et quae debitis odio et ad soluta. Aliquid consequatur unde dolor accusantium ea. Unde asperiores voluptatibus quaerat impedit rerum exercitationem.',1,1,'2018-02-01 02:09:36','2020-11-25 19:31:09'),(128,58,86,'Accusamus autem cumque maiores. Porro nihil eligendi voluptas deleniti. Expedita sit possimus atque sunt consectetur nostrum sapiente.',0,1,'2014-04-24 22:15:18','2019-04-24 01:13:51'),(129,80,36,'Odit est aspernatur nobis temporibus qui nulla minus. Fuga nam atque id officiis. Officiis nobis assumenda hic blanditiis similique cum quo et. Adipisci et qui voluptas quam.',0,1,'2016-01-19 18:41:16','2020-11-25 19:31:09'),(130,10,69,'Omnis minus soluta enim iusto et est aspernatur. Neque consequatur sequi quasi explicabo doloribus. Nobis consequatur quisquam et rem consequatur porro. Quod est esse quo voluptatem quidem eligendi est.',1,1,'2017-12-07 09:52:41','2020-11-25 19:31:09'),(131,63,95,'Qui rerum qui nobis vero aliquid voluptatem adipisci. Ad dolorem sit quos. Sit similique dolore tempora quibusdam. Et aspernatur alias illum tempore praesentium. Aut quia illo aut iusto.',1,0,'2020-01-31 03:36:53','2020-11-25 19:31:09'),(132,42,51,'Aut possimus id labore vitae quia velit vel. Delectus alias rerum libero totam. Eum perferendis alias ut magnam mollitia facere eum.',0,0,'2014-05-12 06:52:10','2015-01-20 00:38:02'),(133,89,100,'Quia fugiat ut illo quas consectetur. Necessitatibus totam et dicta repudiandae quia.',0,1,'2012-01-20 06:22:04','2015-05-18 01:08:44'),(134,83,22,'Similique dolor dolor sint eos nulla optio ut rerum. Et illo dicta nihil fugiat. Quia ipsum laborum sapiente explicabo temporibus quia. Natus pariatur aut et reprehenderit.',1,0,'2011-12-19 21:04:16','2020-07-04 10:18:16'),(135,58,2,'Qui fuga animi sunt et ab aliquid. Dolores est non nemo. Est architecto quisquam porro praesentium.',1,1,'2018-08-18 14:23:15','2020-04-07 19:37:48'),(136,67,72,'Fugiat libero voluptas ducimus reiciendis delectus quis et. Ipsa voluptatem quia ut qui esse adipisci qui sunt. Sed voluptate voluptas et aut.',0,1,'2011-07-21 15:44:05','2019-11-18 03:41:45'),(137,17,43,'Deleniti autem ut explicabo eaque cumque dolorem. Enim pariatur consectetur voluptas qui. Aut et nihil quis eum voluptates. Vitae aliquam tempore voluptatum deleniti voluptatem occaecati.',1,1,'2018-09-09 14:47:42','2020-07-28 02:50:36'),(138,85,94,'Rerum error sit corrupti vero accusantium et facere. Et porro enim ut ducimus a et natus. Numquam et ut nostrum provident et et minus.',0,1,'2012-12-26 11:51:05','2020-11-25 19:31:09'),(139,75,61,'Ab in sit accusamus eligendi. Aut omnis cupiditate id et adipisci nihil. Maxime et aut autem odit ab ullam. Quo quasi ex deleniti architecto earum veniam non.',0,1,'2011-08-07 08:05:56','2018-03-07 22:35:45'),(140,81,79,'Et provident quis necessitatibus sunt magni architecto. Delectus in consequatur quidem voluptatem.',0,1,'2017-08-14 03:28:11','2020-11-25 19:31:09'),(141,27,98,'Est repudiandae consequatur fuga eveniet rerum quia reprehenderit. Sed corrupti voluptas maiores est. Aut cum quis laudantium sed quasi repudiandae.',1,0,'2014-03-30 14:58:18','2014-08-02 05:10:52'),(142,77,38,'Voluptas qui voluptas veritatis culpa sit. Ea voluptate sunt molestias ut ut illo. Eius inventore velit pariatur quia quisquam autem nesciunt. Rerum ad ullam consequatur delectus.',1,1,'2011-12-07 13:06:07','2020-03-20 01:51:48'),(143,50,34,'Quisquam adipisci possimus suscipit ut voluptas et. Dolorem fugiat ea ab similique dicta accusamus. Quam optio modi consequatur provident ex.',1,1,'2018-07-19 20:16:49','2020-11-25 19:31:09'),(144,24,29,'Dolorum vel praesentium non vero est et adipisci optio. Non veniam id quisquam sed cum aliquid eum. Nostrum vel et aut officia earum eos dolor quasi. Animi odit deleniti occaecati eum. Iure voluptatem et quas ducimus quam earum nihil.',1,1,'2014-11-23 15:20:09','2015-11-27 02:42:04'),(145,69,33,'Animi amet iure amet consequatur. Beatae iste necessitatibus qui reiciendis architecto. Delectus ut maxime quia ex non explicabo esse enim. Placeat et quaerat laboriosam minus. Veniam qui est maxime quis est veniam.',1,1,'2013-05-21 12:35:46','2013-06-20 08:08:30'),(146,98,32,'Aut explicabo ea accusamus quia facilis impedit accusamus. Dolor rerum mollitia quibusdam quia. Eos eligendi nobis et ipsum reprehenderit voluptates.',1,1,'2020-03-02 07:06:04','2020-11-25 19:31:09'),(147,28,40,'Vero id earum sapiente consectetur et consectetur. Rem dignissimos nisi nobis sit voluptate et distinctio ipsam. Ipsum vel ullam pariatur cum minima. Dolores qui est eveniet ullam nihil. Maiores error impedit autem voluptates dignissimos sunt.',0,1,'2020-01-27 06:47:06','2020-11-25 19:31:09'),(148,83,16,'Sint nulla voluptatum dolorem doloremque itaque aut excepturi. At dolores voluptatum nisi officiis. Dicta placeat sint nostrum ut ipsum fugit ut.',0,1,'2018-10-27 17:23:44','2020-11-25 19:31:09'),(149,39,65,'Ad voluptatem qui ipsum quod hic. Eos quisquam omnis mollitia nobis ipsam ullam consequatur. Vero odit nam aut amet autem ratione.',0,1,'2014-06-20 05:08:24','2017-01-23 09:35:49'),(150,38,97,'Cumque iure vero cupiditate quisquam ipsam qui. Qui quod voluptate maxime et incidunt. Est eum vero recusandae ipsum excepturi ullam nulla. Excepturi a facilis deserunt reiciendis. Sit et doloremque qui rem blanditiis accusamus maiores.',0,1,'2019-09-01 04:55:57','2020-08-01 05:39:47'),(151,67,4,'Adipisci laudantium officia at. Sint dolores quae id non. Laborum voluptas dolorem officiis laboriosam mollitia.',0,1,'2015-04-06 20:32:03','2018-07-12 20:09:45'),(152,68,84,'Consequatur omnis qui sunt nam. Ipsum est unde a recusandae. Est et aut perferendis dolorem expedita quasi. Ut qui accusantium sed.',1,1,'2017-12-30 20:44:38','2020-11-25 19:31:09'),(153,47,52,'Dolor qui autem id ipsum est temporibus molestiae. Corrupti consequatur harum qui. Eius eveniet voluptatem quidem nam est deleniti.',0,1,'2015-05-02 05:20:32','2015-11-19 22:03:40'),(154,78,21,'Est eum consectetur ipsum magnam cum. Et est quo et aut asperiores iste illo. Voluptatibus deserunt ad delectus impedit laboriosam sit quia. Aut voluptatibus distinctio eos qui a ratione animi illo.',0,1,'2015-07-18 06:08:45','2019-11-28 20:40:01'),(155,12,59,'Ad asperiores consequuntur aut sed. Non ipsa occaecati laborum tenetur placeat enim. Et omnis voluptatum ab rerum eligendi.',1,1,'2015-10-18 03:02:31','2020-11-25 19:31:09'),(156,100,38,'Officiis architecto facere quibusdam aut eius enim fuga. Ea assumenda eveniet commodi facere. Ea maiores facere eius labore velit sit vero. Culpa ducimus quis velit et eveniet officiis quis quia.',1,1,'2012-08-27 05:17:19','2020-11-25 19:31:09'),(157,56,76,'Id commodi sunt tempora iure magni ducimus pariatur reiciendis. Qui enim non officia consequatur. Deleniti molestiae labore a saepe ipsum harum et. Non iste autem aut dolorum non.',1,0,'2013-01-02 12:37:02','2019-03-08 13:04:16'),(158,76,6,'Sit in ut in quos quas. Deserunt nobis animi qui unde voluptas dolores et. Similique repudiandae aut velit recusandae temporibus. Dignissimos hic officiis rerum illo voluptas sed nulla.',0,0,'2020-07-10 02:00:50','2020-11-25 19:31:09'),(159,9,99,'Id magnam doloribus qui. Sit ratione quidem ipsum quibusdam fuga repudiandae. Rerum amet repudiandae eveniet eos odit facilis dolorem temporibus.',0,1,'2020-05-22 19:52:08','2020-11-25 19:31:09'),(160,34,78,'Harum aut fugit rerum provident non odio laborum est. In eum consequatur qui veniam quis. Explicabo quia quod suscipit consequuntur quo soluta tempore magnam.',0,1,'2018-10-12 19:48:52','2020-09-07 05:51:24'),(161,32,32,'Sint labore repellat quis accusantium laboriosam ea. Est possimus autem et voluptatem dolore. Corrupti voluptatem eos aliquam voluptate maiores et. Quo aut est repellendus sunt corrupti minus tempora.',0,1,'2019-06-20 05:37:23','2020-11-25 19:31:09'),(162,10,59,'Fugit nihil dolor et expedita et nobis provident nisi. Nesciunt harum quia necessitatibus et voluptas consequatur. Accusamus et exercitationem odio incidunt dolorem et. Optio eum facilis expedita quae soluta voluptatem itaque.',0,1,'2013-12-02 08:02:29','2017-08-11 00:31:40'),(163,71,93,'Et voluptas illo quaerat consectetur minus. Quas quasi autem dicta. Consequatur labore velit non id magnam.',0,0,'2011-11-27 02:15:03','2015-03-31 02:18:19'),(164,75,9,'Enim at repudiandae eum voluptas nihil illo. Adipisci ex vitae exercitationem ullam voluptatibus. Quia quaerat qui hic qui quia rerum ea quaerat. Nesciunt sed beatae dignissimos illo. Ad voluptatem perferendis consectetur quasi.',0,1,'2016-01-22 00:45:33','2020-11-25 19:31:09'),(165,58,12,'Id dolorum ullam dolorem repellat. Qui soluta non labore dolorum. Dolores nesciunt voluptatem nam sequi eos.',0,1,'2013-10-22 10:58:19','2019-09-21 13:57:37'),(166,5,24,'Voluptates vel numquam aliquid maiores ratione. Nisi eaque id magni recusandae enim voluptatem. Nam excepturi minus enim labore aspernatur impedit.',1,1,'2020-08-21 16:38:57','2020-11-25 19:31:09'),(167,16,73,'Atque ipsum beatae nostrum ut. Molestiae aut qui hic perferendis id aut. Harum quia optio molestiae excepturi quaerat harum sed. Quam recusandae sit maiores suscipit.',0,1,'2013-01-29 00:37:29','2020-10-17 13:57:41'),(168,7,62,'Doloribus placeat quis provident aperiam. Atque aliquam quia ut esse aspernatur voluptas dolor necessitatibus. Impedit eos ut libero minima similique nihil qui veniam. Sint deserunt nulla sit soluta. Impedit quidem dolores voluptas ducimus eum.',0,0,'2013-03-17 10:15:20','2018-05-26 18:52:58'),(169,24,84,'Quam enim eveniet atque. Eius eum voluptatum cum est. Repudiandae amet fuga fuga eos cum eos.',1,1,'2020-06-23 15:28:25','2020-11-25 19:31:09'),(170,83,36,'Ut dolor amet voluptas nesciunt. Quia consequatur et voluptatibus eos illo. Incidunt illo similique neque eaque. Omnis aut nostrum impedit.',0,1,'2017-12-06 22:26:18','2020-11-25 19:31:09'),(171,43,82,'Optio aut blanditiis incidunt minus. Numquam quo nisi officiis.',0,1,'2015-11-26 05:35:32','2017-06-25 15:58:22'),(172,74,99,'Vitae et in esse accusantium quam repudiandae perferendis minima. Et officia est in recusandae dicta natus. Occaecati sed vel ipsum est.',1,0,'2018-07-19 12:00:19','2020-11-25 19:31:09'),(173,57,50,'Earum ex ut similique et dolore nihil perferendis. Velit nihil sit optio quasi praesentium beatae. Molestiae vitae ab praesentium. Pariatur in rem delectus saepe odio debitis eveniet.',1,1,'2019-07-07 12:41:41','2020-11-13 13:01:43'),(174,4,66,'Itaque eveniet eum dolores sed. Harum et et voluptatem libero minima minus aut. Mollitia et culpa facere delectus magnam voluptatem voluptas totam. Dolorem provident et facere ipsam cumque.',0,1,'2018-03-08 14:02:09','2020-11-25 19:31:09'),(175,49,38,'Possimus non aut commodi minima quidem consequuntur repudiandae. Perferendis unde et sit dolorem. Magnam in iste recusandae ut architecto facilis.',1,1,'2018-01-04 18:48:52','2020-11-25 19:31:09'),(176,43,80,'Reiciendis et quas et itaque quod. Dolor fugiat natus qui dignissimos quaerat nam iste natus. Vero cupiditate nulla maiores officiis. Nostrum doloribus ipsa rem. Vel esse dolorum velit ipsa.',1,1,'2019-02-02 05:38:03','2019-12-08 14:19:00'),(177,69,53,'Ea dolorum aut dolor dolor. Perspiciatis est veritatis facere omnis et. Aspernatur qui quos culpa quia. Debitis nulla cumque consequatur iste accusamus aut.',0,1,'2013-05-01 17:39:57','2020-11-25 19:31:09'),(178,39,39,'Molestiae ex quia animi modi et odio quae nihil. Sequi occaecati est et consequatur. Explicabo est quibusdam reprehenderit amet perferendis ut.',0,1,'2018-11-12 21:15:09','2020-11-25 19:31:09'),(179,45,13,'Dignissimos ut consequuntur quasi quisquam ratione voluptates dignissimos eum. Ad quo sit totam dolorem quis. Qui architecto rerum qui quae.',1,1,'2016-08-16 08:39:00','2020-11-25 19:31:09'),(180,48,2,'Sequi cumque corporis quasi dolorum eius qui nostrum modi. Sint ex cum in cum dolore exercitationem. Omnis cumque eveniet voluptatem aut eum aspernatur.',0,0,'2016-09-19 22:32:04','2019-03-30 09:04:37'),(181,25,53,'Nihil voluptas suscipit maxime quaerat voluptatem tenetur. Voluptates sit rem sit enim quis provident velit.',1,1,'2013-09-19 03:53:03','2020-11-25 19:31:09'),(182,26,40,'Dolor voluptate et ratione est sunt repellendus. Repellendus est animi aut eligendi cupiditate alias nobis. Voluptas eos praesentium ipsa expedita impedit et voluptas.',0,1,'2013-07-16 16:40:36','2020-05-08 20:09:50'),(183,25,33,'Voluptas eos sint corporis accusamus perspiciatis esse. Ipsam magni est non. Accusantium rem debitis harum voluptas. Suscipit velit qui dolorem corporis facilis ut sed voluptas.',0,1,'2015-05-20 18:32:17','2016-10-28 12:18:07'),(184,2,49,'Molestiae eligendi temporibus enim dolor. Sint est quam velit tempore dignissimos quia. Adipisci ut eos velit omnis quis tempora nobis suscipit.',0,1,'2019-08-16 14:39:00','2020-11-25 19:31:09'),(185,17,85,'In consequatur eaque magnam placeat dolor dolores dolor cupiditate. Aliquam voluptas voluptatibus dolor adipisci. Itaque quod minus illum dolorum quae expedita quos.',1,1,'2011-05-29 18:47:26','2012-03-21 17:26:41'),(186,85,59,'Ut assumenda repudiandae ea laborum iste similique corrupti tempora. Est et praesentium in sint beatae. Fugit aut optio voluptatem et consequatur voluptatibus.',0,1,'2016-11-04 12:43:23','2020-11-25 19:31:09'),(187,66,58,'Aut sed assumenda voluptatum. Reprehenderit nostrum quia vel sit. Quasi expedita a iste ab ullam culpa.',1,0,'2013-03-05 08:28:59','2017-11-25 08:56:19'),(188,57,23,'Maxime cum doloremque sit in nihil inventore. Perspiciatis animi ut nam nihil. Doloremque enim minus voluptatem amet. Ad earum quam aut.',0,1,'2020-02-21 09:34:35','2020-11-25 19:31:09'),(189,7,60,'Cum in accusantium laudantium ut doloremque consequatur quibusdam. Reprehenderit et mollitia et omnis rerum provident natus. Animi voluptatem tempora qui sed.',0,1,'2018-08-14 06:57:46','2020-11-25 19:31:09'),(190,88,55,'Inventore reprehenderit quisquam suscipit ab vitae. Voluptatem molestias in natus id et.',0,1,'2019-01-15 12:10:10','2020-11-25 19:31:09'),(191,97,31,'Quibusdam eveniet consequuntur in in eum ipsam neque. Et velit velit minus sed. Est ut soluta voluptatem est consequuntur nesciunt nulla.',1,1,'2020-08-15 15:59:05','2020-11-25 19:31:09'),(192,35,66,'Iure aperiam id nemo aliquid. Totam ipsa magni voluptates omnis ut perspiciatis. Placeat omnis at aliquid fuga et.',1,0,'2020-03-28 14:38:39','2020-11-25 19:31:09'),(193,83,73,'Quo aut est aut minus non in. Repellat id voluptas vel minus soluta. Dolor non aperiam minus quis in neque.',0,0,'2018-07-29 07:15:52','2020-11-25 19:31:09'),(194,4,28,'Voluptas et dolorum ea veritatis dolorem qui vero. Quos omnis aliquid a itaque totam ullam. Dolor dolores possimus perspiciatis nesciunt.',0,1,'2012-08-08 06:44:24','2019-12-29 21:17:05'),(195,86,52,'Iure odio dolor voluptas quod et odit eum qui. Praesentium non quisquam ea eos. Ut maiores consequuntur odit aut dignissimos suscipit voluptas. Fugit architecto vel harum quae et quo. Alias quod ducimus deleniti nulla dolorem aut iste blanditiis.',0,1,'2019-02-08 10:24:20','2020-11-25 19:31:09'),(196,30,10,'Ab ullam et nemo sit autem quas et et. Reprehenderit omnis nihil rerum ea. Enim aut rerum sequi quod voluptates velit commodi. Maiores expedita consequatur nostrum quas quae exercitationem est. Voluptatem odio quod cupiditate dolore vel et.',1,1,'2016-08-13 08:17:56','2018-02-28 00:51:35'),(197,4,55,'Laborum vitae dolorum adipisci rerum. Qui dolorum ut molestiae fugit ipsa at. Laboriosam alias totam consequatur. Voluptatem animi cum rem tempore doloremque a.',1,0,'2012-07-06 05:03:39','2013-05-27 20:52:20'),(198,50,28,'Ea quae enim dolorem molestiae et illo. Repellendus animi dolor ex unde corrupti consequatur. Non laboriosam eius sapiente voluptates.',0,0,'2018-12-31 08:05:44','2020-11-25 19:31:09'),(199,87,52,'Illo aut maiores nam commodi omnis. Vel ea commodi accusantium minima eligendi ipsa. Dicta incidunt similique illum sequi ex. Omnis commodi in voluptatum ut dicta aliquid id ut.',1,1,'2015-01-09 21:24:27','2016-08-14 20:28:30'),(200,77,4,'Reiciendis beatae repellendus voluptatem corrupti distinctio asperiores. Incidunt ut quibusdam a consequatur consequatur facere. Aut iure reprehenderit architecto dignissimos ducimus ut consequatur. Assumenda consequatur reprehenderit vel deleniti voluptatibus dolores veniam.',1,1,'2011-10-10 20:22:40','2017-05-10 22:11:00'),(201,36,61,'Quia labore quia sed occaecati alias voluptatum repellat. Enim nulla odit sunt recusandae perferendis modi nihil. Illum expedita error perferendis autem officia illo. Harum error minus veritatis error voluptates.',1,1,'2020-10-20 08:44:36','2020-11-25 19:31:09'),(202,62,2,'Fuga repellat officiis aut aut. Doloribus distinctio aut quisquam quasi reiciendis illum. Qui dolores tenetur itaque minima. A eligendi omnis accusantium omnis earum.',0,1,'2019-08-18 07:10:44','2020-08-16 03:00:34'),(203,19,18,'Et modi eum numquam unde debitis. Numquam fugit qui velit voluptate. Optio animi culpa molestiae atque quis tenetur. Autem laborum et voluptatibus vel et aut animi.',1,1,'2011-02-22 07:37:34','2013-04-25 09:16:37'),(204,24,25,'Quo temporibus voluptas dicta magnam laboriosam qui facilis. Pariatur et delectus eligendi nostrum expedita cupiditate. Porro ab veritatis nulla.',0,1,'2011-07-05 13:27:42','2013-12-22 17:36:04'),(205,78,12,'Enim voluptatibus dolores animi. Nam debitis doloremque et magnam. Quis aut quidem fugiat est. Quos iure suscipit dolorum sed.',1,0,'2013-01-12 18:45:50','2017-09-25 23:38:56'),(206,80,75,'Ea aliquid ut voluptate labore qui quam. Quos porro libero eligendi deserunt maxime. Sed ut delectus omnis itaque porro veritatis sunt. Autem vitae reiciendis dolore non esse.',1,1,'2014-08-05 18:16:40','2019-04-24 09:13:26'),(207,42,14,'Quis sunt impedit debitis ut laboriosam doloremque. Aut rerum blanditiis blanditiis possimus ab. Qui accusantium libero quibusdam animi soluta architecto facilis rem. Nesciunt voluptates libero vel ut non ut. Perspiciatis consequatur vel inventore ea nisi placeat dicta porro.',0,1,'2013-04-04 18:18:37','2019-09-27 00:38:44'),(208,40,25,'Distinctio non quam consectetur veritatis deserunt. Maxime numquam delectus ut perferendis eaque eum. Ex rerum similique harum est.',0,1,'2011-07-04 05:12:19','2015-11-09 18:11:53'),(209,87,44,'Provident eligendi perspiciatis voluptatem. Nesciunt officia dolores autem.',0,0,'2019-12-15 23:24:52','2020-11-25 19:31:09'),(210,52,72,'Ut aperiam fuga qui qui facere occaecati. Nihil possimus sed et culpa vel facere.',1,1,'2011-12-19 18:17:46','2020-11-25 19:31:09'),(211,95,81,'Voluptas error magnam esse ex. Optio suscipit qui possimus animi voluptas. Ad et tempora odit rerum. Est tempora corporis dolorem ducimus. Ullam occaecati ab nesciunt qui non qui est fugit.',1,1,'2018-03-18 09:18:52','2020-11-25 19:31:09'),(212,82,98,'Incidunt vel deleniti illum quaerat commodi veniam nisi adipisci. Aspernatur id ea quia id eligendi. Reprehenderit numquam deleniti quia est deserunt non.',1,1,'2020-02-07 05:46:35','2020-11-25 19:31:09'),(213,36,32,'At ut illum qui quasi praesentium. Quas est tenetur sunt exercitationem.',1,0,'2015-03-07 22:01:20','2020-11-25 19:31:09'),(214,26,23,'Debitis debitis perspiciatis laborum odio aut nemo saepe tenetur. Dolorum vitae mollitia dolores et in. Quo vero repellat perspiciatis provident voluptatem. Necessitatibus aliquam maiores maiores officia qui sed.',1,1,'2016-08-04 05:02:06','2018-08-18 15:18:19'),(215,83,3,'Odit quis sit eos dolorem. Rerum dicta necessitatibus sunt fugit. Aut excepturi velit ex repellendus.',0,1,'2016-08-10 16:10:52','2020-10-26 06:45:52'),(216,26,19,'Laborum magnam sapiente assumenda quisquam. Odit voluptas debitis eaque quod quia. Modi nemo dolorem quaerat tenetur ea. Quibusdam est sapiente dolorum natus deserunt.',0,1,'2015-10-19 16:53:18','2015-10-25 19:46:04'),(217,63,87,'Ipsam occaecati quia modi ut eum. Dolores quia sint non molestiae. Hic nihil aliquam voluptatem qui nam veritatis. Aut voluptatem voluptatibus et excepturi et unde ut vel.',1,1,'2020-03-30 14:45:46','2020-11-25 19:31:09'),(218,20,81,'Minus et dolor ut repudiandae et sed dolor. Exercitationem consequatur nisi voluptatem tempora cupiditate. Officia ducimus rerum quo dolore.',0,1,'2020-07-24 23:17:33','2020-09-29 13:18:08'),(219,5,44,'Excepturi ea suscipit odio. Incidunt rem provident odio sunt et.',1,1,'2015-07-19 15:43:04','2018-05-10 07:39:02'),(220,6,83,'Itaque dolor impedit accusantium saepe. Nihil asperiores necessitatibus eos aspernatur fuga. Qui sit tempora sequi non fuga. Corporis recusandae temporibus eaque eius consequatur amet tempora.',1,1,'2012-11-11 15:58:44','2016-03-21 15:13:33'),(221,55,86,'Ut aut animi aperiam aliquam. Fugiat quod qui vitae facere est dolor libero. Numquam inventore totam nihil occaecati aliquam et.',0,1,'2011-06-13 14:07:33','2019-01-20 05:58:04'),(222,57,97,'Quis eos nostrum nam facere in repudiandae. Minus necessitatibus ab quaerat et dolores aut. Impedit aut voluptas animi laborum ea. Molestias at veniam est accusantium mollitia fuga. Ea occaecati consequatur quam enim nobis dolores.',0,0,'2012-01-02 04:23:53','2019-01-06 18:22:59'),(223,100,96,'Magni consequatur occaecati qui provident consequatur iure. Laboriosam quam omnis est quae corporis dolorem itaque. Est soluta maxime natus consequatur voluptas. Sed voluptas ipsa quia fuga fugiat.',0,1,'2012-09-18 15:45:32','2019-11-29 08:52:26'),(224,21,86,'Minus qui eligendi error omnis. Doloribus neque nihil quo dolorum explicabo nemo modi. Quas voluptas et sunt nesciunt ipsum. Dolores qui corrupti et et sit quaerat et.',0,1,'2020-05-07 11:13:35','2020-11-25 19:31:09'),(225,39,72,'Quia et voluptas non. Sed eum omnis dolorum ut vel corporis sit. Temporibus illum eum culpa praesentium suscipit. Facere eos fugiat praesentium voluptate.',1,0,'2016-01-30 04:02:29','2020-11-25 19:31:09'),(226,58,34,'Consequatur nulla perferendis aperiam non quae placeat. Nesciunt fugit illum consequuntur minima ut ea dicta.',1,1,'2013-02-23 02:08:30','2015-04-18 16:48:46'),(227,53,40,'Laborum eos autem aut similique inventore. Est accusantium quae dolor et qui est. Maiores rem et a quae quaerat enim.',1,0,'2018-06-06 13:18:49','2020-11-25 19:31:09'),(228,31,89,'Sed corrupti saepe id optio quae eum. Corrupti ab rerum libero. Molestiae dolorem corporis numquam eveniet nostrum non.',0,1,'2017-01-16 19:50:54','2020-11-25 19:31:09'),(229,71,57,'Et id illum tempore nesciunt voluptas quia. Laudantium voluptatem ad dolor ut autem.',1,1,'2011-08-07 07:07:09','2013-01-27 12:34:02'),(230,11,54,'Ut accusantium aut voluptatem repellendus exercitationem dolorum blanditiis sed. Ducimus sed corporis delectus sapiente vero. Soluta aspernatur provident et quos error.',0,1,'2014-08-11 12:42:01','2020-08-25 12:37:03'),(231,59,36,'Velit possimus sit autem quasi officiis asperiores. Rerum beatae voluptate voluptatem atque qui. Harum veritatis iste facere in eos sapiente necessitatibus iusto. Quo voluptatum saepe dolor quas sed magnam et nemo.',0,1,'2015-05-29 21:11:20','2017-01-14 02:10:36'),(232,72,22,'Molestiae cupiditate beatae aliquid quae. Nemo qui similique consequatur esse fuga magnam rerum sed. Voluptates sit et est commodi assumenda amet.',0,1,'2018-03-19 01:24:35','2019-09-29 22:23:13'),(233,23,92,'Iure sed beatae voluptatem ut. Quibusdam dolor perspiciatis totam quis quos vel sint. Accusantium similique fugiat id inventore ut. Beatae placeat aut cupiditate consectetur a magnam nobis.',1,1,'2017-04-08 12:52:34','2020-11-25 19:31:09'),(234,2,27,'Minus et libero recusandae qui minima repudiandae dignissimos. Dolorum in est optio qui. Deserunt recusandae ullam dolor enim provident. Quidem recusandae ut dolor minima voluptatem ab deserunt aperiam.',0,1,'2014-02-19 21:55:13','2020-11-25 19:31:09'),(235,35,8,'Et qui error porro sint porro voluptatum. Ratione corporis veniam et molestiae ut rerum magni. Ad error consectetur et.',0,1,'2013-12-14 05:04:26','2014-12-11 04:13:32'),(236,10,90,'Animi quam rerum ut exercitationem et harum. Maiores unde fugiat et ut. Quibusdam id aut expedita delectus repellendus architecto. Doloremque sint quibusdam et numquam numquam asperiores.',0,1,'2019-05-24 16:58:47','2020-11-18 02:04:55'),(237,93,66,'Aut nisi sapiente deserunt. Rerum est dignissimos quia. Cupiditate voluptas vel excepturi dignissimos minus explicabo nam. Itaque voluptas provident quo dolore accusantium ut hic eveniet.',1,0,'2010-12-18 16:39:02','2012-03-05 10:58:08'),(238,86,92,'Eius quo aut optio et et. Est harum aut eum possimus enim. Quo adipisci totam provident quis.',1,0,'2015-02-25 10:25:23','2017-01-15 23:04:32'),(239,62,6,'Pariatur placeat esse aperiam aliquam voluptate. Tenetur nulla libero quia aut qui cum. Quia maiores natus expedita.',0,0,'2018-10-14 17:15:59','2020-11-25 19:31:09'),(240,77,1,'Adipisci quasi laudantium voluptatum hic corrupti. Deserunt quasi rerum eaque possimus tempora. Qui beatae ut nostrum eligendi ex.',0,0,'2014-10-06 05:03:47','2020-11-25 19:31:09'),(241,78,35,'Repudiandae ut quia tempore qui non necessitatibus. Voluptas voluptas omnis in aspernatur assumenda. Aut iusto sed mollitia minima unde perferendis modi ut. Qui molestias est nulla distinctio non dolor quod.',0,1,'2015-12-01 03:46:53','2020-11-25 19:31:09'),(242,34,31,'Maiores eligendi rerum magnam velit non repellat provident adipisci. Qui enim inventore minus animi veniam libero molestiae. Ipsa corrupti eaque officiis sit.',0,1,'2018-03-08 01:25:11','2020-11-25 19:31:09'),(243,74,65,'Eligendi iure ex voluptatem praesentium eaque. Doloribus magni nam aliquam. Perferendis eum voluptas quasi quos corporis.',0,1,'2015-04-20 20:33:36','2015-08-25 16:28:09'),(244,19,44,'Molestiae voluptas officia velit et error. Sequi veniam necessitatibus culpa voluptate. Minus porro facere libero non. Ut non ratione et commodi facilis atque. Accusantium qui voluptatem nulla eligendi autem.',1,1,'2016-09-27 02:00:13','2020-11-25 19:31:09'),(245,22,29,'Aut nostrum recusandae animi nihil dolores ducimus distinctio. Aliquam ad libero distinctio corporis nam. Molestiae dolore fugiat pariatur earum quod dolorem. Et quidem maxime occaecati est.',0,1,'2017-07-14 09:40:42','2018-07-02 20:18:52'),(246,97,80,'Veritatis quisquam repellendus aut rerum. Ipsam rerum atque quidem est quos doloremque. Illo dolorem nemo ut. Vel consequatur ut debitis ut blanditiis perspiciatis corporis.',1,1,'2016-01-20 17:11:05','2020-11-25 19:31:09'),(247,65,69,'Corrupti quo rerum in. Nihil illo placeat nihil. Vel voluptas aspernatur blanditiis debitis. Quia neque at aliquid esse asperiores facere et. Officia amet nulla consequatur aut.',1,1,'2019-08-10 23:14:34','2020-11-25 19:31:09'),(248,1,87,'Omnis qui ut reiciendis et. Molestiae sit dolor et iste. Nam et aspernatur ut officia dolor occaecati. In et et qui magni nisi. Odit tenetur dicta cumque architecto.',1,1,'2014-12-31 10:58:58','2020-11-25 19:31:09'),(249,60,3,'Fugiat deleniti dolore tempora magnam ut voluptatum quod. Iure impedit dolorem ullam et unde dolorum tempora dolor.',1,0,'2019-11-19 18:06:57','2020-11-25 19:31:09'),(250,14,95,'Magni deserunt id magni praesentium qui temporibus mollitia. Aliquid exercitationem cupiditate cum qui molestiae. Enim perspiciatis laboriosam assumenda quasi laboriosam porro eius laborum.',1,1,'2019-06-30 22:08:10','2020-11-25 19:31:09'),(251,10,23,'Qui et sit molestiae sapiente qui. Itaque ullam et aliquam voluptas omnis tempora molestiae. Necessitatibus possimus exercitationem dolorem praesentium et iusto.',0,1,'2017-07-25 09:27:49','2018-11-01 05:31:12'),(252,84,3,'Vitae recusandae rerum odio inventore labore aspernatur. Aut temporibus neque occaecati tempore porro. Totam iure aspernatur expedita ullam in reprehenderit.',1,1,'2013-07-06 20:15:22','2014-02-14 22:11:50'),(253,89,70,'Dolor occaecati provident reprehenderit architecto. Quidem ipsa qui minus. Consequuntur molestias voluptate adipisci.',1,1,'2017-12-04 09:33:49','2020-11-25 19:31:09'),(254,94,50,'Velit nihil dolor eveniet. Quasi id vitae tempora animi et tenetur. Reprehenderit at asperiores architecto dignissimos enim. Sunt minima quis fugit ex ut.',0,1,'2020-09-30 04:44:38','2020-11-25 19:31:09'),(255,76,71,'Et eum aliquam dolores cumque voluptas neque. Voluptas vitae ut aut aut maxime perferendis. Velit qui qui ab aut sunt et suscipit eos. Adipisci laborum eum hic vel autem.',1,1,'2013-01-21 17:51:31','2013-11-08 14:02:21'),(256,51,54,'Eligendi sed repellat quasi consequatur nihil necessitatibus blanditiis veritatis. Beatae rerum atque aspernatur ullam rerum sequi. Rerum aperiam totam est voluptatum ad voluptas qui.',1,0,'2014-06-13 05:38:55','2020-11-25 19:31:09'),(257,5,84,'Velit officia sint nobis consectetur rerum sint. Quod quas architecto in sunt maiores deleniti. Laudantium fugit commodi iure qui corrupti quia.',0,0,'2018-06-13 08:25:28','2020-10-18 17:14:34'),(258,84,78,'Atque perspiciatis consequatur quam aut dolorum. Voluptatem ipsum qui velit consectetur est quia doloremque. Similique excepturi in rerum nemo non voluptatibus sit.',0,0,'2014-03-15 02:47:27','2018-06-09 12:14:23'),(259,49,3,'Delectus qui quia enim aut magnam doloribus. Error et fuga iure occaecati assumenda nam doloribus nihil. Necessitatibus architecto numquam animi id in necessitatibus voluptatem quam.',0,1,'2019-07-19 10:09:14','2020-11-25 19:31:09'),(260,22,70,'Ad consequuntur tempora accusantium quo modi non alias et. Velit ut veritatis atque quidem. Tempora recusandae quia veniam rem.',0,1,'2013-06-09 08:02:12','2020-11-25 19:31:09'),(261,32,19,'Reprehenderit itaque facilis officiis vel quo dignissimos. Nihil ut alias illo aspernatur. Quam dolore dolore sit optio impedit temporibus velit.',1,1,'2012-11-11 00:51:24','2018-12-03 07:24:56'),(262,50,96,'Saepe voluptatem fuga ut et facere voluptas. Voluptatem laborum quia delectus molestiae quia. Omnis odit autem aut ducimus tenetur distinctio.',0,1,'2019-10-05 20:59:03','2020-11-25 19:31:09'),(263,87,50,'Corrupti quisquam quia aperiam quia mollitia. Sint est hic in quo neque commodi perferendis. Quis officiis et eaque.',1,1,'2020-05-17 04:26:55','2020-11-25 19:31:09'),(264,82,46,'Non sit sapiente est sint tempore corrupti. Incidunt quia ut odit est dolorem. Numquam aut cumque rem molestiae aliquid odio deleniti. Ducimus ut debitis et ullam incidunt quo.',1,1,'2016-06-30 18:06:24','2018-12-08 04:50:40'),(265,53,96,'Ut iure ipsam et aliquid ut eius qui. Cum in alias possimus iure ratione quasi. Libero nobis suscipit doloribus rerum voluptas.',1,1,'2017-03-05 11:51:30','2020-11-25 19:31:09'),(266,41,63,'Est ut inventore dolores quas quas sed. Veniam exercitationem nihil nam doloribus labore minus et. Inventore a voluptas eos voluptas tempore. Amet molestias porro maiores inventore consectetur facere.',1,1,'2011-04-09 12:48:01','2020-03-26 18:16:36'),(267,18,24,'Assumenda occaecati est beatae eveniet vel. Ratione sunt et explicabo eaque error quasi. Molestiae eaque sint voluptatem qui dicta architecto voluptatem.',1,1,'2019-10-27 09:43:10','2020-11-25 19:31:09'),(268,65,6,'Fugit id blanditiis magnam atque eligendi aliquid quaerat. Maiores sed nam cum ex ipsam. Sed facilis rem ut non illum voluptate odio.',1,0,'2012-12-04 07:21:57','2016-05-25 04:15:50'),(269,94,58,'Nostrum ratione cum minima laudantium voluptatum commodi ut non. Aperiam omnis deserunt est facere quidem. Error quae enim velit est tenetur.',0,0,'2011-11-25 08:27:33','2020-11-25 19:31:09'),(270,56,69,'Qui aut ea ut ipsum et harum voluptatibus ex. Tenetur in vel consectetur dolores vel quis odit. Vel laboriosam eos cumque sint sed blanditiis. Esse dolor et qui minus.',1,1,'2019-02-12 22:07:43','2020-11-25 19:31:09'),(271,28,6,'Eligendi fugit sint asperiores distinctio placeat commodi est. Odio perferendis autem in placeat. Et asperiores est vel voluptates esse saepe quam. Sed laborum aut sed debitis voluptatum cum.',0,1,'2019-07-15 12:41:05','2020-11-25 19:31:09'),(272,22,33,'Expedita tenetur inventore rem assumenda. Ut quasi consequatur ut voluptatem. Necessitatibus aut repellat aliquid odio mollitia quas atque. Reiciendis quo sequi sed assumenda.',1,1,'2012-11-25 04:22:39','2020-03-25 22:48:02'),(273,90,6,'Laborum est iste nihil ut illo autem placeat. Ut suscipit eaque amet adipisci quia et aliquid ullam. Vero cupiditate iste occaecati.',1,1,'2019-03-05 10:20:04','2020-11-25 19:31:09'),(274,11,38,'Qui error natus cupiditate. Ducimus similique soluta amet voluptatem exercitationem. Assumenda rerum assumenda nostrum.',0,1,'2015-11-13 19:36:23','2020-11-25 19:31:09'),(275,8,32,'Dolores et qui in provident et fugiat soluta. Nulla in explicabo ut eum iusto assumenda quibusdam. Non deserunt voluptatem illo laborum quia blanditiis. Veritatis ut adipisci nobis velit et quos et. Amet cumque eum inventore quibusdam voluptatem ut.',1,1,'2019-03-03 06:30:29','2020-08-01 20:38:40'),(276,7,39,'Delectus officia illum ut id sed. Tempora aut omnis et expedita aspernatur rerum dolorem. Voluptatem consequuntur non eum laudantium. Eveniet reiciendis est molestiae est quo beatae. Consequatur rerum nobis voluptatem sit.',0,1,'2016-02-09 12:55:03','2020-11-25 19:31:09'),(277,50,56,'Distinctio ut sit repudiandae. Voluptatibus dolor sunt maxime. Doloremque quo odit consequatur et.',0,1,'2014-10-23 12:38:55','2020-11-25 19:31:09'),(278,35,37,'Impedit fugiat neque est rerum nesciunt et. Repudiandae perferendis expedita id unde reiciendis doloremque. Provident ut provident consequatur eum sed.',0,0,'2017-04-25 10:29:59','2020-08-27 14:23:49'),(279,6,16,'Veritatis sit sit inventore quia non et blanditiis. Amet repellendus perferendis dolor voluptatem maiores et. Exercitationem consequuntur et porro.',0,0,'2019-01-14 20:04:08','2020-11-25 19:31:09'),(280,83,59,'Hic sequi velit sint aut molestias. Eos quia vitae quis dolorum. Ea qui repudiandae debitis iste similique amet est.',0,1,'2011-03-11 19:54:55','2017-06-21 09:55:05'),(281,12,23,'Qui sit illo vel reiciendis voluptatem sed. Nostrum quia officia vitae fuga. Sit sequi ipsa voluptates culpa dolorum.',1,1,'2019-09-21 06:20:10','2020-11-25 19:31:09'),(282,21,30,'Dolor placeat inventore ut provident. Rerum nostrum quae non corporis. Voluptas rerum in animi ut minus ab maiores. Ipsum dolorum quis et voluptatem necessitatibus.',1,1,'2017-04-11 08:36:03','2018-11-19 07:39:58'),(283,47,85,'Et consequatur dolores repellat consequatur quibusdam et. Quasi aliquam asperiores eius nostrum recusandae.',0,1,'2015-04-13 09:07:53','2016-02-24 15:19:57'),(284,36,40,'Sint omnis enim doloribus vel. Et deserunt tempora vel enim ut accusantium non. Accusamus iste repellendus qui consectetur.',0,1,'2016-02-18 17:09:49','2016-09-18 16:20:38'),(285,43,91,'Eos perspiciatis eos sit tempore beatae veritatis. Necessitatibus enim fugit suscipit voluptates et doloremque. Reprehenderit quia est ad suscipit illo rerum cum. Ducimus labore beatae necessitatibus ut quos.',1,0,'2016-07-09 09:24:39','2020-11-25 19:31:09'),(286,9,71,'Culpa velit eos expedita aut. Est eveniet amet reiciendis sapiente veniam. Quaerat et dolore voluptatem molestias.',0,1,'2011-09-23 11:39:32','2016-04-22 17:31:19'),(287,96,30,'Cupiditate assumenda explicabo at ex. Non eos aut asperiores officia dignissimos. Optio similique veniam pariatur enim autem magnam.',0,0,'2011-01-07 14:01:40','2015-09-10 21:37:52'),(288,3,86,'Occaecati voluptatem quia quae perspiciatis. Sint dignissimos molestias ut repellendus recusandae. Voluptas tempora sed nulla aut ab enim.',1,1,'2012-06-29 07:47:22','2017-09-18 14:13:04'),(289,35,13,'Vero quo quis nisi quasi magnam saepe voluptatem non. Voluptatibus earum voluptatem aut corrupti veniam nisi magnam. Quisquam et necessitatibus cum vel dolor et temporibus.',1,0,'2019-12-23 17:38:52','2020-11-25 19:31:09'),(290,23,43,'Hic vero pariatur at similique quia quasi vitae. Unde occaecati et magnam qui. Ut sapiente ducimus doloribus porro rerum quia.',0,1,'2012-12-16 19:45:07','2016-12-15 07:07:06'),(291,45,30,'Voluptas deserunt sapiente nesciunt deleniti cum. Velit et sapiente necessitatibus. Dolor amet deserunt dignissimos adipisci optio quas ducimus et.',1,0,'2016-06-25 07:13:24','2020-11-25 19:31:09'),(292,81,95,'Voluptatem est et exercitationem omnis consequatur accusamus ratione. Ratione expedita hic qui tempore sit deserunt. In ut consequatur dolore quo et nesciunt. Laborum modi omnis sit amet sint.',0,1,'2020-11-19 09:33:35','2020-11-25 19:31:09'),(293,85,15,'Voluptate doloribus est dolorem aspernatur iste quis consectetur. Ipsa sed unde hic recusandae beatae optio perspiciatis. Soluta nostrum quos debitis id non occaecati. Veritatis minus maiores ea. Et ipsum laboriosam eum quasi rerum.',0,1,'2011-10-20 19:11:50','2012-02-06 22:48:35'),(294,31,91,'Est commodi sed dolor perferendis id adipisci. Ducimus voluptatem animi perferendis numquam molestiae ducimus magnam. Praesentium ut ab illo qui.',0,1,'2016-09-24 10:55:45','2020-11-25 19:31:09'),(295,31,13,'Vero quidem ut repellendus sed id. Est laudantium veritatis optio aut. Corrupti quis ut quia. Iste voluptas odit vel eum provident iure eaque provident.',0,1,'2018-09-04 09:55:39','2020-11-25 19:31:09'),(296,49,43,'Eveniet animi voluptas quis sed enim libero. Non officiis non non id at laboriosam. Mollitia omnis facilis quia fugit qui.',1,1,'2019-06-12 22:53:28','2020-11-25 19:31:09'),(297,35,69,'Omnis cumque necessitatibus magnam numquam fugit libero. Quisquam esse cumque quis omnis eos. Quisquam at ut a et mollitia quis.',1,1,'2017-03-19 14:05:50','2020-11-25 19:31:09'),(298,72,82,'Repellendus est dolorem nostrum aliquid porro. Quia numquam labore ut ullam delectus et. Et recusandae voluptate at et suscipit.',0,1,'2011-09-25 01:09:52','2014-01-14 13:33:55'),(299,54,7,'Omnis et odio et qui. Molestias voluptatem vel ut maxime rerum maxime. Molestiae nemo enim aut repudiandae nihil quidem esse libero.',1,1,'2017-02-26 10:23:30','2020-11-25 19:31:09'),(300,21,96,'Sed id explicabo et odio excepturi. Laudantium ut quam sint molestias voluptas. Ut delectus voluptatem illo quisquam voluptatibus dignissimos necessitatibus. Possimus magni ut aliquam similique amet neque voluptatum.',0,1,'2019-09-27 03:51:08','2020-11-25 19:31:09');
/*!40000 ALTER TABLE `messages` ENABLE KEYS */;
UNLOCK TABLES;

--
-- Table structure for table `profiles`
--

DROP TABLE IF EXISTS `profiles`;
/*!40101 SET @saved_cs_client     = @@character_set_client */;
/*!40101 SET character_set_client = utf8 */;
CREATE TABLE `profiles` (
  `user_id` int unsigned NOT NULL,
  `status_id` int unsigned DEFAULT NULL,
  `gender` char(1) CHARACTER SET utf8 COLLATE utf8_unicode_ci NOT NULL,
  `birth_date` date NOT NULL,
  `photo_id` int unsigned DEFAULT NULL,
  `country_id` int unsigned NOT NULL,
  `city_id` int unsigned NOT NULL,
  `created_at` datetime DEFAULT CURRENT_TIMESTAMP,
  `updated_at` datetime DEFAULT CURRENT_TIMESTAMP ON UPDATE CURRENT_TIMESTAMP,
  PRIMARY KEY (`user_id`),
  KEY `index_of_country_id` (`country_id`),
  KEY `index_of_city_id` (`city_id`)
) ENGINE=InnoDB DEFAULT CHARSET=utf8 COLLATE=utf8_unicode_ci;
/*!40101 SET character_set_client = @saved_cs_client */;

--
-- Dumping data for table `profiles`
--

LOCK TABLES `profiles` WRITE;
/*!40000 ALTER TABLE `profiles` DISABLE KEYS */;
INSERT INTO `profiles` VALUES (1,2,'f','1983-03-23',31,18,143,'2011-08-14 16:30:50','2020-11-25 19:28:23'),(2,2,'m','1971-05-16',88,2,118,'2015-03-18 07:09:37','2020-11-25 19:28:23'),(4,2,'f','2005-12-21',45,19,123,'2011-07-04 04:49:14','2020-11-25 19:28:23'),(6,1,'m','2002-10-08',59,37,6,'2014-09-09 04:31:50','2020-11-25 19:28:23'),(7,1,'m','2013-09-03',60,29,87,'2015-04-26 13:15:04','2020-11-25 19:28:23'),(8,1,'f','1993-02-22',21,8,177,'2019-07-10 16:20:09','2020-11-25 19:28:23'),(10,2,'f','2009-09-20',27,11,110,'2019-06-02 06:42:19','2020-11-25 19:28:23'),(11,2,'f','2012-12-08',69,11,108,'2016-01-01 00:42:17','2020-11-25 19:28:23'),(12,2,'m','1971-06-17',63,44,177,'2014-08-31 03:16:03','2020-11-25 19:28:23'),(15,1,'m','1997-11-12',11,26,137,'2015-04-14 17:15:54','2020-11-25 19:28:23'),(16,2,'m','2016-10-27',63,8,191,'2020-06-15 20:47:07','2020-11-25 19:28:23'),(18,1,'f','1983-09-17',81,15,115,'2017-05-18 05:49:20','2020-11-25 19:28:23'),(19,1,'m','2006-02-24',15,14,86,'2014-08-11 11:59:06','2020-11-25 19:28:23'),(21,1,'m','1993-05-05',31,22,182,'2011-09-22 00:42:53','2020-11-25 19:28:23'),(22,2,'m','1984-02-07',9,18,74,'2014-08-26 12:49:01','2020-11-25 19:28:23'),(24,1,'m','1991-04-25',55,1,200,'2011-10-15 07:02:21','2020-11-25 19:28:23'),(32,2,'f','2014-09-19',44,7,199,'2016-12-10 17:37:22','2020-11-25 19:28:23'),(33,1,'f','2000-08-05',57,15,64,'2017-09-02 18:59:32','2020-11-25 19:28:23'),(34,1,'m','1985-04-24',50,29,68,'2017-04-16 01:17:45','2020-11-25 19:28:23'),(35,1,'f','1985-03-02',81,2,135,'2015-03-28 11:31:59','2020-11-25 19:28:23'),(36,2,'f','1986-10-27',53,17,118,'2017-08-10 06:43:31','2020-11-25 19:28:23'),(38,2,'f','2016-11-12',23,29,145,'2019-04-02 07:21:12','2020-11-25 19:28:23'),(39,2,'m','2019-03-18',56,36,104,'2012-04-27 13:39:25','2020-11-25 19:28:23'),(41,2,'f','1988-02-09',12,1,112,'2013-07-24 01:28:50','2020-11-25 19:28:23'),(42,2,'m','2009-11-02',88,19,23,'2011-10-23 06:35:12','2020-11-25 19:28:23'),(43,2,'f','1981-05-14',7,46,131,'2011-07-10 09:39:50','2020-11-25 19:28:23'),(45,2,'m','1975-11-04',68,27,50,'2010-12-09 19:42:19','2020-11-25 19:28:23'),(47,2,'f','1971-02-06',21,17,199,'2013-11-27 10:21:25','2020-11-25 19:28:23'),(48,2,'m','1974-10-31',99,40,73,'2015-03-11 12:19:51','2020-11-25 19:28:23'),(50,2,'m','2012-07-02',31,35,130,'2017-11-08 17:13:32','2020-11-25 19:28:23'),(52,1,'m','2013-02-28',56,24,59,'2019-01-18 12:18:15','2020-11-25 19:28:23'),(53,1,'f','2006-01-14',90,35,189,'2019-02-14 07:33:42','2020-11-25 19:28:23'),(54,1,'f','2008-08-21',79,14,7,'2011-03-08 12:30:44','2020-11-25 19:28:23'),(57,2,'f','2011-07-05',24,44,148,'2019-04-29 05:43:07','2020-11-25 19:28:23'),(58,1,'f','1974-03-14',84,32,98,'2016-08-22 12:46:07','2020-11-25 19:28:23'),(67,1,'m','2000-03-29',46,13,35,'2014-12-22 04:34:42','2020-11-25 19:28:23'),(71,1,'f','1982-02-21',79,35,50,'2012-07-20 01:51:09','2020-11-25 19:28:23'),(74,1,'m','2006-06-18',57,41,40,'2020-04-23 12:56:22','2020-11-25 19:28:23'),(77,2,'m','1979-05-14',46,33,31,'2014-02-04 12:45:37','2020-11-25 19:28:23'),(78,2,'f','1981-08-19',59,24,72,'2014-03-10 15:31:25','2020-11-25 19:28:23'),(80,2,'m','1990-04-10',56,12,60,'2017-11-24 17:38:19','2020-11-25 19:28:23'),(81,2,'f','2002-09-05',2,4,26,'2015-07-23 11:02:35','2020-11-25 19:28:23'),(82,1,'f','2009-10-16',40,23,49,'2019-12-01 23:13:37','2020-11-25 19:28:23'),(83,2,'f','1987-08-02',95,24,108,'2016-05-02 17:49:02','2020-11-25 19:28:23'),(84,1,'f','2018-03-27',54,27,164,'2013-01-06 02:04:08','2020-11-25 19:28:23'),(86,2,'m','2013-11-13',86,45,17,'2017-03-19 21:17:41','2020-11-25 19:28:23'),(87,2,'f','1976-12-24',68,38,190,'2016-08-11 01:21:04','2020-11-25 19:28:23'),(90,1,'m','1979-12-14',79,14,60,'2012-09-12 16:47:04','2020-11-25 19:28:23'),(91,2,'f','2003-11-20',90,24,121,'2019-02-21 09:54:11','2020-11-25 19:28:23'),(94,2,'m','2016-07-06',12,28,166,'2013-12-29 13:38:38','2020-11-25 19:28:23'),(95,2,'f','1970-07-31',90,16,50,'2014-07-18 22:02:24','2020-11-25 19:28:23'),(96,2,'m','1973-06-20',13,49,38,'2016-05-22 06:32:09','2020-11-25 19:28:23'),(97,2,'m','1988-02-01',96,25,4,'2020-04-03 06:32:39','2020-11-25 19:28:23'),(99,1,'f','2003-10-30',41,36,17,'2019-07-23 02:10:46','2020-11-25 19:28:23'),(100,1,'m','1989-05-27',17,30,139,'2012-01-01 09:56:36','2020-11-25 19:28:23');
/*!40000 ALTER TABLE `profiles` ENABLE KEYS */;
UNLOCK TABLES;

--
-- Table structure for table `user_statuses`
--

DROP TABLE IF EXISTS `user_statuses`;
/*!40101 SET @saved_cs_client     = @@character_set_client */;
/*!40101 SET character_set_client = utf8 */;
CREATE TABLE `user_statuses` (
  `id` bigint unsigned NOT NULL AUTO_INCREMENT,
  `name` varchar(100) NOT NULL,
  `created_at` datetime DEFAULT CURRENT_TIMESTAMP,
  `updated_at` datetime DEFAULT CURRENT_TIMESTAMP ON UPDATE CURRENT_TIMESTAMP,
  PRIMARY KEY (`id`),
  UNIQUE KEY `id` (`id`)
) ENGINE=InnoDB AUTO_INCREMENT=3 DEFAULT CHARSET=utf8mb4 COLLATE=utf8mb4_0900_ai_ci;
/*!40101 SET character_set_client = @saved_cs_client */;

--
-- Dumping data for table `user_statuses`
--

LOCK TABLES `user_statuses` WRITE;
/*!40000 ALTER TABLE `user_statuses` DISABLE KEYS */;
INSERT INTO `user_statuses` VALUES (1,'single','2020-11-24 20:29:06','2020-11-24 20:29:06'),(2,'married','2020-11-24 20:29:06','2020-11-24 20:29:06');
/*!40000 ALTER TABLE `user_statuses` ENABLE KEYS */;
UNLOCK TABLES;

--
-- Table structure for table `users`
--

DROP TABLE IF EXISTS `users`;
/*!40101 SET @saved_cs_client     = @@character_set_client */;
/*!40101 SET character_set_client = utf8 */;
CREATE TABLE `users` (
  `id` bigint unsigned NOT NULL AUTO_INCREMENT,
  `first_name` varchar(64) CHARACTER SET utf8 COLLATE utf8_unicode_ci NOT NULL,
  `last_name` varchar(64) CHARACTER SET utf8 COLLATE utf8_unicode_ci NOT NULL,
  `email` varchar(100) CHARACTER SET utf8 COLLATE utf8_unicode_ci NOT NULL,
  `country_code` int unsigned DEFAULT NULL,
  `phone` varchar(15) CHARACTER SET utf8 COLLATE utf8_unicode_ci NOT NULL,
  `created_at` datetime DEFAULT CURRENT_TIMESTAMP,
  `updated_at` datetime DEFAULT CURRENT_TIMESTAMP ON UPDATE CURRENT_TIMESTAMP,
  PRIMARY KEY (`id`),
  KEY `index_of_country_code` (`country_code`)
) ENGINE=InnoDB AUTO_INCREMENT=101 DEFAULT CHARSET=utf8 COLLATE=utf8_unicode_ci;
/*!40101 SET character_set_client = @saved_cs_client */;

--
-- Dumping data for table `users`
--

LOCK TABLES `users` WRITE;
/*!40000 ALTER TABLE `users` DISABLE KEYS */;
INSERT INTO `users` VALUES (1,'Maybelle','Dickens','feil.colt@example.com',460,'47609692','2020-11-05 02:19:40','2020-11-25 18:53:41'),(2,'Bert','Block','hellen44@example.net',994,'77463789','2018-07-31 01:16:33','2020-11-25 18:53:41'),(3,'Raheem','Cormier','agustina.lakin@example.org',967,'83845287','2018-02-27 08:38:01','2020-11-25 18:53:41'),(4,'Norwood','Collier','schumm.dusty@example.net',532,'75968327','2011-06-27 18:34:57','2013-12-20 20:27:22'),(5,'Quinn','Welch','wullrich@example.org',810,'60865208','2018-06-22 07:23:14','2018-12-29 19:31:49'),(6,'Antonette','McLaughlin','mstanton@example.org',412,'87333165','2017-09-23 11:56:59','2020-11-25 18:53:41'),(7,'Abdul','Renner','slind@example.net',368,'18387643','2013-11-23 14:26:42','2018-10-05 00:07:58'),(8,'Kristopher','Pfeffer','grimes.elena@example.org',836,'94666274','2019-07-08 18:51:26','2020-11-25 18:53:41'),(9,'Bernice','Sporer','aryanna08@example.org',388,'29415289','2015-11-30 14:12:31','2019-10-30 16:51:41'),(10,'Broderick','Hickle','zack93@example.com',976,'7561951','2014-10-21 03:08:08','2020-11-25 18:53:41'),(11,'Celestino','Batz','ellie77@example.com',583,'26882546','2017-06-16 07:30:00','2018-03-18 19:27:25'),(12,'Kianna','Lockman','vstehr@example.com',810,'65215875','2012-03-28 17:13:38','2020-09-27 13:47:56'),(13,'Marjorie','Raynor','kaltenwerth@example.com',902,'70586022','2017-02-04 19:39:19','2020-10-10 05:01:16'),(14,'Tressa','Blanda','malachi.auer@example.org',322,'3488513','2014-09-15 10:33:48','2020-07-06 14:23:47'),(15,'Jack','Anderson','thompson.jairo@example.net',370,'49817979','2015-12-20 10:45:36','2020-11-25 18:53:41'),(16,'Hattie','Bashirian','waelchi.charity@example.net',583,'46468286','2014-07-21 00:41:19','2020-11-25 18:53:41'),(17,'Kaela','Franecki','xhyatt@example.com',729,'94680471','2014-10-23 10:51:12','2014-11-10 02:14:43'),(18,'Carmen','Hagenes','williamson.javonte@example.com',785,'89907332','2015-04-16 21:19:46','2015-09-04 18:53:25'),(19,'Junius','Kuhn','scot.fahey@example.com',755,'37161055','2013-05-11 13:19:36','2017-02-16 16:33:35'),(20,'Jennie','Klein','becker.cecile@example.net',707,'57199738','2017-04-02 07:30:23','2018-05-04 02:39:19'),(21,'Paige','Ward','gutmann.enos@example.com',474,'78176894','2016-01-29 11:58:00','2017-11-11 14:13:38'),(22,'Lee','Wiegand','awiza@example.com',599,'30497654','2011-03-23 21:27:11','2012-01-17 10:09:23'),(23,'Dolly','Vandervort','troberts@example.com',967,'81533376','2017-09-29 07:04:52','2020-11-25 18:53:41'),(24,'Lionel','Cormier','abbott.natalie@example.com',967,'36073185','2014-12-11 23:32:29','2019-02-28 16:10:42'),(25,'Ettie','Rice','candelario.runte@example.org',141,'44438059','2017-11-03 09:58:29','2019-08-26 10:26:41'),(26,'Anissa','Bahringer','jamel04@example.org',342,'87632699','2015-09-08 23:56:30','2020-11-25 18:53:41'),(27,'Jaime','Hodkiewicz','ima16@example.org',465,'89597332','2017-11-28 18:06:23','2020-11-25 18:53:41'),(28,'Ambrose','Quitzon','emilia.treutel@example.org',994,'511889','2017-02-18 18:27:12','2020-01-01 13:02:39'),(29,'Pete','Emmerich','skiles.marjolaine@example.net',902,'64114693','2020-05-04 01:13:43','2020-11-25 18:53:41'),(30,'Emmy','Welch','narciso36@example.com',441,'5579311','2016-01-12 23:11:47','2018-02-03 19:42:00'),(31,'Rosetta','Cassin','afton.west@example.net',474,'477774','2016-10-31 22:09:50','2020-11-25 18:53:41'),(32,'Buford','McKenzie','lokuneva@example.org',370,'46277955','2014-08-19 20:28:33','2017-05-04 01:00:52'),(33,'Maria','Dicki','nitzsche.vladimir@example.net',412,'26398203','2011-02-21 06:43:58','2018-07-26 06:08:37'),(34,'Adella','Bechtelar','frodriguez@example.net',444,'28216935','2018-07-18 18:02:42','2020-11-12 14:22:45'),(35,'Violet','Turcotte','schinner.abdul@example.org',785,'56886239','2012-06-22 08:42:52','2015-06-14 06:43:40'),(36,'Chase','Lebsack','ijones@example.com',134,'82029986','2014-08-06 21:15:34','2020-11-25 18:53:41'),(37,'Roselyn','Lehner','skiles.allie@example.org',742,'63907000','2011-05-31 11:59:00','2014-09-07 01:17:01'),(38,'Santos','King','heath.roob@example.net',894,'77878642','2014-08-28 20:23:12','2017-02-06 12:12:18'),(39,'Malachi','Schinner','yost.stephany@example.com',836,'68610183','2014-03-24 19:53:07','2020-11-25 18:53:41'),(40,'Arielle','Gusikowski','qgrant@example.com',902,'67735571','2012-02-06 20:03:17','2014-09-16 01:28:30'),(41,'Davon','Paucek','isaac06@example.net',863,'40687927','2011-01-09 09:01:35','2015-03-21 02:31:52'),(42,'Gaylord','Rutherford','hschamberger@example.net',388,'38186549','2018-12-08 17:39:44','2020-11-25 18:53:41'),(43,'Wyman','O\'Kon','donnelly.kathleen@example.com',707,'15743648','2015-07-25 08:25:26','2020-11-25 18:53:41'),(44,'Jalon','Wintheiser','terry83@example.org',790,'90931589','2017-03-24 11:31:32','2020-08-11 11:41:09'),(45,'Alayna','Ebert','kheaney@example.net',460,'1493680','2020-06-16 19:13:47','2020-07-03 17:35:13'),(46,'Mckenna','Feest','huel.luna@example.com',836,'69719802','2016-12-01 21:11:32','2017-02-03 11:32:48'),(47,'Patsy','Kub','o\'hara.hayden@example.org',360,'39489855','2013-10-24 06:35:45','2018-05-11 05:16:07'),(48,'Aiden','Cassin','matilda.roberts@example.net',976,'50419216','2020-04-11 11:08:37','2020-11-25 18:53:41'),(49,'Deshaun','Herzog','clare54@example.com',532,'88267983','2011-04-19 00:28:46','2012-06-30 00:48:41'),(50,'Moriah','Bins','lo\'conner@example.net',863,'34296935','2014-04-22 10:29:39','2015-03-23 00:09:44'),(51,'Cassandra','Greenfelder','deckow.montana@example.org',583,'98277798','2017-01-20 19:41:31','2020-01-29 21:22:56'),(52,'Niko','Kessler','allene43@example.com',894,'19042290','2013-08-30 06:35:28','2015-12-20 18:01:25'),(53,'Maximillian','Adams','miles.lindgren@example.org',441,'89063431','2015-01-10 04:24:32','2020-11-25 18:53:41'),(54,'Seamus','Mitchell','lpowlowski@example.net',474,'69652966','2014-01-10 08:10:51','2019-08-29 22:49:49'),(55,'Laverne','Ward','theresia.mohr@example.net',860,'23139431','2019-12-09 20:52:31','2020-11-25 18:53:41'),(56,'Jessica','Kunze','bkihn@example.com',460,'71226349','2020-02-22 07:10:24','2020-11-25 18:53:41'),(57,'Arlene','Gorczany','wilfredo.bradtke@example.com',707,'60880025','2016-01-24 21:52:30','2020-02-01 22:19:27'),(58,'Lukas','Cummings','alexander58@example.org',360,'50083693','2020-09-18 08:33:11','2020-11-25 18:53:41'),(59,'Michael','Steuber','kaley.bahringer@example.org',444,'88564135','2018-01-11 16:19:12','2020-01-19 16:45:39'),(60,'Halle','Gottlieb','gibson.jamie@example.net',532,'69624952','2012-12-14 14:46:15','2016-04-04 00:03:39'),(61,'Nathan','Schinner','janae97@example.org',566,'97740111','2018-04-04 17:31:19','2020-11-25 18:53:41'),(62,'Elmira','Tremblay','brant.rolfson@example.org',836,'28471406','2015-03-07 07:29:08','2020-11-25 18:53:41'),(63,'Kasey','Donnelly','rosenbaum.orland@example.org',755,'84657844','2018-01-15 14:37:47','2019-10-24 21:00:47'),(64,'Christop','Rath','newell14@example.net',836,'61800669','2020-01-12 16:23:24','2020-11-25 18:53:41'),(65,'Eloise','Kirlin','ufritsch@example.net',279,'96372517','2015-04-15 01:03:47','2018-01-05 22:34:20'),(66,'Harrison','Farrell','wshields@example.org',412,'21883930','2015-02-18 23:04:44','2015-05-21 23:05:27'),(67,'Marjolaine','Dicki','brendon02@example.net',860,'70483110','2013-07-08 18:55:24','2020-11-25 18:53:41'),(68,'Gerardo','Shanahan','alta.jerde@example.com',804,'86385835','2013-03-29 21:04:52','2014-12-03 11:17:45'),(69,'Willard','Mitchell','jmarquardt@example.com',337,'82538367','2017-09-01 21:03:01','2020-11-25 18:53:41'),(70,'Telly','Collins','alfonzo24@example.net',707,'75934439','2014-04-18 13:01:27','2020-05-25 10:14:20'),(71,'Daron','Nicolas','spinka.micah@example.net',707,'27972283','2012-04-16 09:13:12','2020-11-25 18:53:41'),(72,'Jarrett','Kemmer','rutherford.juliana@example.org',967,'42002666','2014-01-04 18:15:46','2020-11-25 18:53:41'),(73,'Electa','Grimes','ron22@example.net',860,'89775906','2014-05-12 01:02:18','2020-11-25 18:53:41'),(74,'Greta','Christiansen','america.schroeder@example.org',337,'46312667','2012-11-04 19:53:35','2017-02-25 06:24:04'),(75,'Ana','Wehner','cooper.kemmer@example.net',729,'55827558','2019-04-04 00:23:38','2020-11-25 18:53:41'),(76,'Irma','Hahn','fkunze@example.net',337,'94020241','2017-11-27 01:23:42','2020-11-25 18:53:41'),(77,'Jo','Schaden','kemmer.mattie@example.net',911,'14943181','2018-09-28 11:53:10','2020-11-25 18:53:41'),(78,'Roslyn','Lemke','geraldine.satterfield@example.org',836,'24615141','2015-10-08 08:31:14','2018-04-17 08:02:54'),(79,'Green','Hammes','mjacobi@example.net',279,'35234304','2019-08-09 01:57:40','2020-11-25 18:53:41'),(80,'Andy','Hickle','myron47@example.com',444,'78382968','2017-09-18 07:17:59','2019-01-08 08:27:18'),(81,'Amina','Hane','geichmann@example.com',707,'5690769','2016-11-29 11:56:13','2020-11-25 18:53:41'),(82,'Jamey','Rau','adaline07@example.net',707,'86495388','2016-12-04 04:11:02','2020-11-25 18:53:41'),(83,'Destany','Ankunding','jeffery.blick@example.net',360,'18447608','2019-05-25 01:05:52','2020-11-25 18:53:41'),(84,'Noelia','Hagenes','sid.stark@example.org',902,'30265369','2018-09-21 03:44:55','2020-11-25 18:53:41'),(85,'Hadley','Heaney','jcrooks@example.org',986,'43237749','2016-08-27 14:41:25','2020-11-25 18:53:41'),(86,'Savannah','Jaskolski','lucas.daniel@example.net',976,'86521807','2017-10-14 17:19:32','2020-11-25 18:53:41'),(87,'Eugene','Cole','simonis.taylor@example.net',370,'60388910','2011-10-16 01:35:04','2016-01-21 13:52:08'),(88,'Kaylah','Cremin','wmonahan@example.org',701,'54487107','2019-05-23 08:35:54','2020-11-25 18:53:41'),(89,'Jabari','Steuber','maribel79@example.org',322,'60602456','2011-10-11 16:25:46','2012-10-31 18:27:15'),(90,'Meagan','McCullough','dakota70@example.com',707,'61304876','2016-03-23 03:25:06','2018-04-03 00:58:01'),(91,'Lee','Predovic','celestine.durgan@example.org',976,'88712384','2011-09-01 18:38:56','2019-03-16 13:09:03'),(92,'Ari','Carter','langworth.bettye@example.net',729,'12106755','2018-02-06 01:43:53','2020-03-10 04:52:13'),(93,'Gilbert','Ankunding','creola86@example.org',412,'85672989','2018-08-13 15:26:39','2020-11-25 18:53:41'),(94,'Isai','Little','daphnee.cassin@example.com',729,'11251609','2018-06-05 11:18:49','2019-06-30 01:05:40'),(95,'Maximus','Moen','welch.nasir@example.net',460,'49079539','2018-10-07 19:17:29','2020-11-25 18:53:41'),(96,'Cecile','Cummings','anya.macejkovic@example.net',461,'26024178','2014-01-20 22:31:26','2017-04-02 13:24:41'),(97,'Mariane','Huel','eileen.kuhn@example.net',902,'53314057','2015-07-18 20:34:39','2015-09-10 12:03:49'),(98,'Jovanny','Mante','dickens.rosalia@example.com',342,'78764675','2015-03-02 06:25:07','2020-11-25 18:53:41'),(99,'Suzanne','Ebert','ischimmel@example.com',239,'1248854','2017-05-21 20:32:23','2017-09-09 04:55:25'),(100,'Petra','Hodkiewicz','joanne.von@example.org',134,'9091051','2018-08-05 08:31:31','2020-03-05 21:09:46');
/*!40000 ALTER TABLE `users` ENABLE KEYS */;
UNLOCK TABLES;

--
-- Dumping routines for database 'vk'
--
/*!40103 SET TIME_ZONE=@OLD_TIME_ZONE */;

/*!40101 SET SQL_MODE=@OLD_SQL_MODE */;
/*!40014 SET FOREIGN_KEY_CHECKS=@OLD_FOREIGN_KEY_CHECKS */;
/*!40014 SET UNIQUE_CHECKS=@OLD_UNIQUE_CHECKS */;
/*!40101 SET CHARACTER_SET_CLIENT=@OLD_CHARACTER_SET_CLIENT */;
/*!40101 SET CHARACTER_SET_RESULTS=@OLD_CHARACTER_SET_RESULTS */;
/*!40101 SET COLLATION_CONNECTION=@OLD_COLLATION_CONNECTION */;
/*!40111 SET SQL_NOTES=@OLD_SQL_NOTES */;

-- Dump completed on 2020-11-27 16:51:59
